,CountryName,Date,C1_School closing,C1_Flag,C2_Workplace closing,C2_Flag,C3_Cancel public events,C3_Flag,C4_Restrictions on gatherings,C4_Flag,C5_Close public transport,C5_Flag,C6_Stay at home requirements,C6_Flag,C7_Restrictions on internal movement,C7_Flag,C8_International travel controls,H1_Public information campaigns,H1_Flag
947,Australia,20200101,0.0,0.0,0.0,0.0,0.0,0.0,0.0,0.0,0.0,0.0,0.0,0.0,0.0,0.0,0.0,0.0,0.0
948,Australia,20200102,0.0,0.0,0.0,0.0,0.0,0.0,0.0,0.0,0.0,0.0,0.0,0.0,0.0,0.0,0.0,0.0,0.0
949,Australia,20200103,0.0,0.0,0.0,0.0,0.0,0.0,0.0,0.0,0.0,0.0,0.0,0.0,0.0,0.0,0.0,0.0,0.0
950,Australia,20200104,0.0,0.0,0.0,0.0,0.0,0.0,0.0,0.0,0.0,0.0,0.0,0.0,0.0,0.0,0.0,0.0,0.0
951,Australia,20200105,0.0,0.0,0.0,0.0,0.0,0.0,0.0,0.0,0.0,0.0,0.0,0.0,0.0,0.0,0.0,0.0,0.0
952,Australia,20200106,0.0,0.0,0.0,0.0,0.0,0.0,0.0,0.0,0.0,0.0,0.0,0.0,0.0,0.0,0.0,0.0,0.0
953,Australia,20200107,0.0,0.0,0.0,0.0,0.0,0.0,0.0,0.0,0.0,0.0,0.0,0.0,0.0,0.0,0.0,0.0,0.0
954,Australia,20200108,0.0,0.0,0.0,0.0,0.0,0.0,0.0,0.0,0.0,0.0,0.0,0.0,0.0,0.0,0.0,0.0,0.0
955,Australia,20200109,0.0,0.0,0.0,0.0,0.0,0.0,0.0,0.0,0.0,0.0,0.0,0.0,0.0,0.0,0.0,0.0,0.0
956,Australia,20200110,0.0,0.0,0.0,0.0,0.0,0.0,0.0,0.0,0.0,0.0,0.0,0.0,0.0,0.0,0.0,0.0,0.0
957,Australia,20200111,0.0,0.0,0.0,0.0,0.0,0.0,0.0,0.0,0.0,0.0,0.0,0.0,0.0,0.0,0.0,0.0,0.0
958,Australia,20200112,0.0,0.0,0.0,0.0,0.0,0.0,0.0,0.0,0.0,0.0,0.0,0.0,0.0,0.0,0.0,0.0,0.0
959,Australia,20200113,0.0,0.0,0.0,0.0,0.0,0.0,0.0,0.0,0.0,0.0,0.0,0.0,0.0,0.0,0.0,0.0,0.0
960,Australia,20200114,0.0,0.0,0.0,0.0,0.0,0.0,0.0,0.0,0.0,0.0,0.0,0.0,0.0,0.0,0.0,0.0,0.0
961,Australia,20200115,0.0,0.0,0.0,0.0,0.0,0.0,0.0,0.0,0.0,0.0,0.0,0.0,0.0,0.0,0.0,0.0,0.0
962,Australia,20200116,0.0,0.0,0.0,0.0,0.0,0.0,0.0,0.0,0.0,0.0,0.0,0.0,0.0,0.0,0.0,0.0,0.0
963,Australia,20200117,0.0,0.0,0.0,0.0,0.0,0.0,0.0,0.0,0.0,0.0,0.0,0.0,0.0,0.0,0.0,0.0,0.0
964,Australia,20200118,0.0,0.0,0.0,0.0,0.0,0.0,0.0,0.0,0.0,0.0,0.0,0.0,0.0,0.0,0.0,0.0,0.0
965,Australia,20200119,0.0,0.0,0.0,0.0,0.0,0.0,0.0,0.0,0.0,0.0,0.0,0.0,0.0,0.0,0.0,0.0,0.0
966,Australia,20200120,0.0,0.0,0.0,0.0,0.0,0.0,0.0,0.0,0.0,0.0,0.0,0.0,0.0,0.0,0.0,0.0,0.0
967,Australia,20200121,0.0,0.0,0.0,0.0,0.0,0.0,0.0,0.0,0.0,0.0,0.0,0.0,0.0,0.0,0.0,0.0,0.0
968,Australia,20200122,0.0,0.0,0.0,0.0,0.0,0.0,0.0,0.0,0.0,0.0,0.0,0.0,0.0,0.0,0.0,0.0,0.0
969,Australia,20200123,0.0,0.0,0.0,0.0,0.0,0.0,0.0,0.0,0.0,0.0,0.0,0.0,0.0,0.0,0.0,0.0,0.0
970,Australia,20200124,0.0,0.0,0.0,0.0,0.0,0.0,0.0,0.0,0.0,0.0,0.0,0.0,0.0,0.0,0.0,0.0,0.0
971,Australia,20200125,0.0,0.0,0.0,0.0,0.0,0.0,0.0,0.0,0.0,0.0,0.0,0.0,0.0,0.0,0.0,2.0,0.0
972,Australia,20200126,0.0,0.0,0.0,0.0,0.0,0.0,0.0,0.0,0.0,0.0,0.0,0.0,0.0,0.0,0.0,2.0,0.0
973,Australia,20200127,0.0,0.0,0.0,0.0,0.0,0.0,0.0,0.0,0.0,0.0,0.0,0.0,0.0,0.0,0.0,2.0,0.0
974,Australia,20200128,0.0,0.0,0.0,0.0,0.0,0.0,0.0,0.0,0.0,0.0,0.0,0.0,0.0,0.0,0.0,2.0,0.0
975,Australia,20200129,0.0,0.0,0.0,0.0,0.0,0.0,0.0,0.0,0.0,0.0,0.0,0.0,0.0,0.0,0.0,2.0,0.0
976,Australia,20200130,0.0,0.0,0.0,0.0,0.0,0.0,0.0,0.0,0.0,0.0,0.0,0.0,0.0,0.0,0.0,2.0,0.0
977,Australia,20200131,0.0,0.0,0.0,0.0,0.0,0.0,0.0,0.0,0.0,0.0,0.0,0.0,0.0,0.0,0.0,2.0,0.0
978,Australia,20200201,0.0,0.0,0.0,0.0,0.0,0.0,0.0,0.0,0.0,0.0,0.0,0.0,0.0,0.0,3.0,2.0,0.0
979,Australia,20200202,0.0,0.0,0.0,0.0,0.0,0.0,0.0,0.0,0.0,0.0,0.0,0.0,0.0,0.0,3.0,2.0,0.0
980,Australia,20200203,0.0,0.0,0.0,0.0,0.0,0.0,0.0,0.0,0.0,0.0,0.0,0.0,0.0,0.0,3.0,2.0,1.0
981,Australia,20200204,0.0,0.0,0.0,0.0,0.0,0.0,0.0,0.0,0.0,0.0,0.0,0.0,0.0,0.0,3.0,2.0,1.0
982,Australia,20200205,0.0,0.0,0.0,0.0,0.0,0.0,0.0,0.0,0.0,0.0,0.0,0.0,0.0,0.0,3.0,2.0,1.0
983,Australia,20200206,0.0,0.0,0.0,0.0,0.0,0.0,0.0,0.0,0.0,0.0,0.0,0.0,0.0,0.0,3.0,2.0,1.0
984,Australia,20200207,0.0,0.0,0.0,0.0,0.0,0.0,0.0,0.0,0.0,0.0,0.0,0.0,0.0,0.0,3.0,2.0,1.0
985,Australia,20200208,0.0,0.0,0.0,0.0,0.0,0.0,0.0,0.0,0.0,0.0,0.0,0.0,0.0,0.0,3.0,2.0,1.0
986,Australia,20200209,0.0,0.0,0.0,0.0,0.0,0.0,0.0,0.0,0.0,0.0,0.0,0.0,0.0,0.0,3.0,2.0,1.0
987,Australia,20200210,0.0,0.0,0.0,0.0,0.0,0.0,0.0,0.0,0.0,0.0,0.0,0.0,0.0,0.0,3.0,2.0,1.0
988,Australia,20200211,0.0,0.0,0.0,0.0,0.0,0.0,0.0,0.0,0.0,0.0,0.0,0.0,0.0,0.0,3.0,2.0,1.0
989,Australia,20200212,0.0,0.0,0.0,0.0,0.0,0.0,0.0,0.0,0.0,0.0,0.0,0.0,0.0,0.0,3.0,2.0,1.0
990,Australia,20200213,0.0,0.0,0.0,0.0,0.0,0.0,0.0,0.0,0.0,0.0,0.0,0.0,0.0,0.0,3.0,2.0,1.0
991,Australia,20200214,0.0,0.0,0.0,0.0,0.0,0.0,0.0,0.0,0.0,0.0,0.0,0.0,0.0,0.0,3.0,2.0,1.0
992,Australia,20200215,0.0,0.0,0.0,0.0,0.0,0.0,0.0,0.0,0.0,0.0,0.0,0.0,0.0,0.0,3.0,2.0,1.0
993,Australia,20200216,0.0,0.0,0.0,0.0,0.0,0.0,0.0,0.0,0.0,0.0,0.0,0.0,0.0,0.0,3.0,2.0,1.0
994,Australia,20200217,0.0,0.0,0.0,0.0,0.0,0.0,0.0,0.0,0.0,0.0,0.0,0.0,0.0,0.0,3.0,2.0,1.0
995,Australia,20200218,0.0,0.0,0.0,0.0,0.0,0.0,0.0,0.0,0.0,0.0,0.0,0.0,0.0,0.0,3.0,2.0,1.0
996,Australia,20200219,0.0,0.0,0.0,0.0,0.0,0.0,0.0,0.0,0.0,0.0,0.0,0.0,0.0,0.0,3.0,2.0,1.0
997,Australia,20200220,0.0,0.0,0.0,0.0,0.0,0.0,0.0,0.0,0.0,0.0,0.0,0.0,0.0,0.0,3.0,2.0,1.0
998,Australia,20200221,0.0,0.0,0.0,0.0,0.0,0.0,0.0,0.0,0.0,0.0,0.0,0.0,0.0,0.0,3.0,2.0,1.0
999,Australia,20200222,0.0,0.0,0.0,0.0,0.0,0.0,0.0,0.0,0.0,0.0,0.0,0.0,0.0,0.0,3.0,2.0,1.0
1000,Australia,20200223,0.0,0.0,0.0,0.0,0.0,0.0,0.0,0.0,0.0,0.0,0.0,0.0,0.0,0.0,3.0,2.0,1.0
1001,Australia,20200224,0.0,0.0,0.0,0.0,0.0,0.0,0.0,0.0,0.0,0.0,0.0,0.0,0.0,0.0,3.0,2.0,1.0
1002,Australia,20200225,0.0,0.0,0.0,0.0,0.0,0.0,0.0,0.0,0.0,0.0,0.0,0.0,0.0,0.0,3.0,2.0,1.0
1003,Australia,20200226,0.0,0.0,0.0,0.0,0.0,0.0,0.0,0.0,0.0,0.0,0.0,0.0,0.0,0.0,3.0,2.0,1.0
1004,Australia,20200227,0.0,0.0,0.0,0.0,0.0,0.0,0.0,0.0,0.0,0.0,0.0,0.0,0.0,0.0,3.0,2.0,1.0
1005,Australia,20200228,0.0,0.0,0.0,0.0,0.0,0.0,0.0,0.0,0.0,0.0,0.0,0.0,0.0,0.0,3.0,2.0,1.0
1006,Australia,20200229,0.0,0.0,0.0,0.0,0.0,0.0,0.0,0.0,0.0,0.0,0.0,0.0,0.0,0.0,3.0,2.0,1.0
1007,Australia,20200301,0.0,0.0,0.0,0.0,0.0,0.0,0.0,0.0,0.0,0.0,0.0,0.0,0.0,0.0,3.0,2.0,1.0
1008,Australia,20200302,0.0,0.0,0.0,0.0,0.0,0.0,0.0,0.0,0.0,0.0,0.0,0.0,0.0,0.0,3.0,2.0,1.0
1009,Australia,20200303,0.0,0.0,0.0,0.0,0.0,0.0,0.0,0.0,0.0,0.0,0.0,0.0,0.0,0.0,3.0,2.0,1.0
1010,Australia,20200304,0.0,0.0,0.0,0.0,0.0,0.0,0.0,0.0,0.0,0.0,0.0,0.0,0.0,0.0,3.0,2.0,1.0
1011,Australia,20200305,0.0,0.0,0.0,0.0,0.0,0.0,0.0,0.0,0.0,0.0,0.0,0.0,0.0,0.0,3.0,2.0,1.0
1012,Australia,20200306,0.0,0.0,0.0,0.0,0.0,0.0,0.0,0.0,0.0,0.0,0.0,0.0,0.0,0.0,3.0,2.0,1.0
1013,Australia,20200307,0.0,0.0,0.0,0.0,0.0,0.0,0.0,0.0,0.0,0.0,0.0,0.0,0.0,0.0,3.0,2.0,1.0
1014,Australia,20200308,0.0,0.0,0.0,0.0,0.0,0.0,0.0,0.0,0.0,0.0,0.0,0.0,0.0,0.0,3.0,2.0,1.0
1015,Australia,20200309,0.0,0.0,0.0,0.0,0.0,0.0,0.0,0.0,0.0,0.0,0.0,0.0,0.0,0.0,3.0,2.0,1.0
1016,Australia,20200310,0.0,0.0,0.0,0.0,0.0,0.0,0.0,0.0,0.0,0.0,0.0,0.0,0.0,0.0,3.0,2.0,1.0
1017,Australia,20200311,0.0,0.0,0.0,0.0,0.0,0.0,0.0,0.0,0.0,0.0,0.0,0.0,0.0,0.0,3.0,2.0,1.0
1018,Australia,20200312,0.0,0.0,0.0,0.0,0.0,0.0,0.0,0.0,0.0,0.0,0.0,0.0,0.0,0.0,3.0,2.0,1.0
1019,Australia,20200313,0.0,0.0,0.0,0.0,0.0,0.0,0.0,0.0,0.0,0.0,0.0,0.0,0.0,0.0,3.0,2.0,1.0
1020,Australia,20200314,0.0,0.0,0.0,0.0,0.0,0.0,0.0,0.0,0.0,0.0,0.0,0.0,0.0,0.0,3.0,2.0,1.0
1021,Australia,20200315,0.0,0.0,0.0,0.0,0.0,0.0,0.0,0.0,0.0,0.0,0.0,0.0,0.0,0.0,3.0,2.0,1.0
1022,Australia,20200316,0.0,0.0,0.0,0.0,1.0,0.0,2.0,1.0,0.0,0.0,0.0,0.0,0.0,0.0,3.0,2.0,1.0
1023,Australia,20200317,0.0,0.0,0.0,0.0,1.0,0.0,2.0,1.0,0.0,0.0,0.0,0.0,0.0,0.0,3.0,2.0,1.0
1024,Australia,20200318,0.0,0.0,0.0,0.0,2.0,0.0,2.0,1.0,0.0,0.0,0.0,0.0,0.0,0.0,3.0,2.0,1.0
1025,Australia,20200319,0.0,0.0,0.0,0.0,2.0,0.0,2.0,1.0,0.0,0.0,0.0,0.0,2.0,0.0,3.0,2.0,1.0
1026,Australia,20200320,0.0,0.0,0.0,0.0,2.0,0.0,2.0,1.0,0.0,0.0,0.0,0.0,2.0,0.0,4.0,2.0,1.0
1027,Australia,20200321,0.0,0.0,0.0,0.0,2.0,0.0,2.0,1.0,0.0,0.0,0.0,0.0,2.0,0.0,4.0,2.0,1.0
1028,Australia,20200322,0.0,0.0,0.0,0.0,2.0,0.0,2.0,1.0,0.0,0.0,0.0,0.0,2.0,0.0,4.0,2.0,1.0
1029,Australia,20200323,0.0,0.0,2.0,0.0,2.0,0.0,2.0,1.0,0.0,0.0,0.0,0.0,2.0,0.0,4.0,2.0,1.0
1030,Australia,20200324,3.0,0.0,2.0,0.0,2.0,0.0,3.0,0.0,0.0,0.0,1.0,1.0,2.0,0.0,4.0,2.0,1.0
1031,Australia,20200325,3.0,0.0,2.0,0.0,2.0,0.0,3.0,0.0,0.0,0.0,1.0,1.0,2.0,0.0,4.0,2.0,1.0
1032,Australia,20200326,3.0,0.0,2.0,0.0,2.0,0.0,3.0,0.0,0.0,0.0,1.0,1.0,2.0,0.0,4.0,2.0,1.0
1033,Australia,20200327,3.0,0.0,2.0,0.0,2.0,0.0,3.0,0.0,0.0,0.0,1.0,1.0,2.0,0.0,4.0,2.0,1.0
1034,Australia,20200328,3.0,0.0,2.0,0.0,2.0,0.0,3.0,0.0,0.0,0.0,1.0,1.0,2.0,0.0,4.0,2.0,1.0
1035,Australia,20200329,3.0,0.0,2.0,0.0,2.0,1.0,4.0,1.0,0.0,0.0,1.0,1.0,2.0,0.0,4.0,2.0,1.0
1036,Australia,20200330,3.0,0.0,2.0,0.0,2.0,1.0,4.0,1.0,0.0,0.0,1.0,1.0,2.0,0.0,4.0,2.0,1.0
1037,Australia,20200331,3.0,0.0,2.0,0.0,2.0,1.0,4.0,1.0,0.0,0.0,1.0,1.0,2.0,0.0,4.0,2.0,1.0
1038,Australia,20200401,3.0,0.0,2.0,0.0,2.0,1.0,4.0,1.0,0.0,0.0,1.0,1.0,2.0,0.0,4.0,2.0,1.0
1039,Australia,20200402,3.0,0.0,2.0,0.0,2.0,1.0,4.0,1.0,0.0,0.0,2.0,0.0,2.0,0.0,4.0,2.0,1.0
1040,Australia,20200403,3.0,0.0,2.0,0.0,2.0,1.0,4.0,1.0,0.0,0.0,2.0,0.0,2.0,0.0,4.0,2.0,1.0
1041,Australia,20200404,3.0,0.0,2.0,0.0,2.0,1.0,4.0,1.0,0.0,0.0,2.0,0.0,2.0,0.0,4.0,2.0,1.0
1042,Australia,20200405,3.0,0.0,2.0,0.0,2.0,1.0,4.0,1.0,0.0,0.0,2.0,0.0,2.0,0.0,4.0,2.0,1.0
1043,Australia,20200406,3.0,0.0,2.0,0.0,2.0,1.0,4.0,1.0,0.0,0.0,2.0,0.0,2.0,0.0,4.0,2.0,1.0
1044,Australia,20200407,3.0,0.0,2.0,0.0,2.0,1.0,4.0,1.0,0.0,0.0,2.0,0.0,2.0,0.0,4.0,2.0,1.0
1045,Australia,20200408,3.0,0.0,2.0,0.0,2.0,1.0,4.0,1.0,0.0,0.0,2.0,0.0,2.0,0.0,4.0,2.0,1.0
1046,Australia,20200409,3.0,0.0,2.0,0.0,2.0,1.0,4.0,1.0,0.0,0.0,2.0,0.0,2.0,0.0,4.0,2.0,1.0
1047,Australia,20200410,3.0,0.0,2.0,0.0,2.0,1.0,4.0,1.0,0.0,0.0,2.0,0.0,2.0,0.0,4.0,2.0,1.0
1048,Australia,20200411,3.0,0.0,2.0,0.0,2.0,1.0,4.0,1.0,0.0,0.0,2.0,0.0,2.0,0.0,4.0,2.0,1.0
1049,Australia,20200412,3.0,0.0,2.0,0.0,2.0,1.0,4.0,1.0,0.0,0.0,2.0,0.0,2.0,0.0,4.0,2.0,1.0
1050,Australia,20200413,3.0,0.0,2.0,0.0,2.0,1.0,4.0,1.0,0.0,0.0,2.0,0.0,2.0,0.0,4.0,2.0,1.0
1051,Australia,20200414,3.0,0.0,2.0,0.0,2.0,1.0,4.0,1.0,0.0,0.0,2.0,0.0,2.0,0.0,4.0,2.0,1.0
1052,Australia,20200415,3.0,0.0,2.0,0.0,2.0,1.0,4.0,1.0,0.0,0.0,2.0,0.0,2.0,0.0,4.0,2.0,1.0
1053,Australia,20200416,3.0,0.0,2.0,0.0,2.0,1.0,4.0,1.0,0.0,0.0,2.0,0.0,2.0,0.0,4.0,2.0,1.0
1054,Australia,20200417,3.0,0.0,2.0,0.0,2.0,1.0,4.0,1.0,0.0,0.0,2.0,0.0,2.0,0.0,4.0,2.0,1.0
1055,Australia,20200418,2.0,0.0,2.0,0.0,2.0,1.0,4.0,1.0,0.0,0.0,2.0,0.0,2.0,0.0,4.0,2.0,1.0
1056,Australia,20200419,2.0,0.0,2.0,0.0,2.0,1.0,4.0,1.0,0.0,0.0,2.0,0.0,2.0,0.0,4.0,2.0,1.0
1057,Australia,20200420,2.0,0.0,2.0,0.0,2.0,1.0,4.0,1.0,0.0,0.0,2.0,0.0,2.0,0.0,4.0,2.0,1.0
1058,Australia,20200421,2.0,0.0,2.0,0.0,2.0,1.0,4.0,1.0,0.0,0.0,2.0,0.0,2.0,0.0,4.0,2.0,1.0
1059,Australia,20200422,2.0,0.0,2.0,0.0,2.0,1.0,4.0,1.0,0.0,0.0,2.0,0.0,2.0,0.0,4.0,2.0,1.0
1060,Australia,20200423,2.0,0.0,2.0,0.0,2.0,1.0,4.0,1.0,0.0,0.0,2.0,0.0,2.0,0.0,4.0,2.0,1.0
1061,Australia,20200424,2.0,0.0,2.0,0.0,2.0,1.0,4.0,1.0,0.0,0.0,2.0,0.0,2.0,0.0,4.0,2.0,1.0
1062,Australia,20200425,2.0,0.0,2.0,0.0,2.0,1.0,4.0,1.0,0.0,0.0,2.0,0.0,2.0,0.0,4.0,2.0,1.0
1063,Australia,20200426,2.0,0.0,2.0,0.0,2.0,1.0,4.0,1.0,0.0,0.0,2.0,0.0,2.0,0.0,4.0,2.0,1.0
1064,Australia,20200427,2.0,0.0,2.0,0.0,2.0,1.0,4.0,1.0,0.0,0.0,2.0,0.0,2.0,0.0,4.0,2.0,1.0
1065,Australia,20200428,2.0,0.0,2.0,0.0,2.0,1.0,4.0,1.0,0.0,0.0,2.0,0.0,2.0,0.0,4.0,2.0,1.0
1066,Australia,20200429,2.0,0.0,2.0,0.0,2.0,1.0,4.0,1.0,0.0,0.0,2.0,0.0,2.0,0.0,4.0,2.0,1.0
1067,Australia,20200430,2.0,0.0,2.0,0.0,2.0,1.0,4.0,1.0,0.0,0.0,2.0,0.0,2.0,0.0,4.0,2.0,1.0
1068,Australia,20200501,2.0,0.0,2.0,0.0,2.0,1.0,4.0,1.0,0.0,0.0,2.0,0.0,2.0,0.0,4.0,2.0,1.0
1069,Australia,20200502,2.0,0.0,2.0,0.0,2.0,1.0,4.0,1.0,0.0,0.0,2.0,0.0,2.0,0.0,4.0,2.0,1.0
1070,Australia,20200503,2.0,0.0,2.0,0.0,2.0,1.0,4.0,1.0,0.0,0.0,2.0,0.0,2.0,0.0,4.0,2.0,1.0
1071,Australia,20200504,2.0,0.0,2.0,0.0,2.0,1.0,4.0,1.0,0.0,0.0,2.0,0.0,2.0,0.0,4.0,2.0,1.0
1072,Australia,20200505,2.0,0.0,2.0,0.0,2.0,1.0,4.0,1.0,0.0,0.0,2.0,0.0,2.0,0.0,4.0,2.0,1.0
1073,Australia,20200506,2.0,0.0,2.0,0.0,2.0,1.0,4.0,1.0,0.0,0.0,2.0,0.0,2.0,0.0,4.0,2.0,1.0
1074,Australia,20200507,2.0,0.0,0.0,0.0,0.0,0.0,0.0,0.0,0.0,0.0,0.0,0.0,0.0,0.0,0.0,0.0,0.0
1075,Australia,20200508,2.0,0.0,0.0,0.0,0.0,0.0,0.0,0.0,0.0,0.0,0.0,0.0,0.0,0.0,0.0,0.0,0.0
1076,Australia,20200509,2.0,0.0,0.0,0.0,0.0,0.0,0.0,0.0,0.0,0.0,0.0,0.0,0.0,0.0,0.0,0.0,0.0
1077,Australia,20200510,2.0,0.0,0.0,0.0,0.0,0.0,0.0,0.0,0.0,0.0,0.0,0.0,0.0,0.0,0.0,0.0,0.0
1078,Australia,20200511,2.0,0.0,0.0,0.0,0.0,0.0,0.0,0.0,0.0,0.0,0.0,0.0,0.0,0.0,0.0,0.0,0.0
1079,Australia,20200512,2.0,0.0,0.0,0.0,0.0,0.0,0.0,0.0,0.0,0.0,0.0,0.0,0.0,0.0,0.0,0.0,0.0
1080,Australia,20200513,2.0,0.0,0.0,0.0,0.0,0.0,0.0,0.0,0.0,0.0,0.0,0.0,0.0,0.0,0.0,0.0,0.0
1081,Australia,20200514,2.0,0.0,0.0,0.0,0.0,0.0,0.0,0.0,0.0,0.0,0.0,0.0,0.0,0.0,0.0,0.0,0.0
4063,China,20200101,0.0,0.0,0.0,0.0,0.0,0.0,0.0,0.0,0.0,0.0,0.0,0.0,0.0,0.0,0.0,0.0,0.0
4064,China,20200102,0.0,0.0,0.0,0.0,0.0,0.0,0.0,0.0,0.0,0.0,0.0,0.0,0.0,0.0,0.0,0.0,0.0
4065,China,20200103,0.0,0.0,0.0,0.0,0.0,0.0,0.0,0.0,0.0,0.0,0.0,0.0,0.0,0.0,0.0,0.0,0.0
4066,China,20200104,0.0,0.0,0.0,0.0,0.0,0.0,0.0,0.0,0.0,0.0,0.0,0.0,0.0,0.0,0.0,0.0,0.0
4067,China,20200105,0.0,0.0,0.0,0.0,0.0,0.0,0.0,0.0,0.0,0.0,0.0,0.0,0.0,0.0,0.0,1.0,0.0
4068,China,20200106,0.0,0.0,0.0,0.0,0.0,0.0,0.0,0.0,0.0,0.0,0.0,0.0,0.0,0.0,0.0,1.0,0.0
4069,China,20200107,0.0,0.0,0.0,0.0,0.0,0.0,0.0,0.0,0.0,0.0,0.0,0.0,0.0,0.0,0.0,1.0,0.0
4070,China,20200108,0.0,0.0,0.0,0.0,0.0,0.0,0.0,0.0,0.0,0.0,0.0,0.0,0.0,0.0,0.0,1.0,0.0
4071,China,20200109,0.0,0.0,0.0,0.0,0.0,0.0,0.0,0.0,0.0,0.0,0.0,0.0,0.0,0.0,0.0,1.0,0.0
4072,China,20200110,0.0,0.0,0.0,0.0,0.0,0.0,0.0,0.0,0.0,0.0,0.0,0.0,0.0,0.0,0.0,1.0,0.0
4073,China,20200111,0.0,0.0,0.0,0.0,0.0,0.0,0.0,0.0,0.0,0.0,0.0,0.0,0.0,0.0,0.0,1.0,0.0
4074,China,20200112,0.0,0.0,0.0,0.0,0.0,0.0,0.0,0.0,0.0,0.0,0.0,0.0,0.0,0.0,0.0,1.0,0.0
4075,China,20200113,0.0,0.0,0.0,0.0,0.0,0.0,0.0,0.0,0.0,0.0,0.0,0.0,0.0,0.0,0.0,1.0,0.0
4076,China,20200114,0.0,0.0,0.0,0.0,0.0,0.0,0.0,0.0,0.0,0.0,0.0,0.0,0.0,0.0,0.0,1.0,0.0
4077,China,20200115,0.0,0.0,0.0,0.0,0.0,0.0,0.0,0.0,0.0,0.0,0.0,0.0,0.0,0.0,0.0,1.0,0.0
4078,China,20200116,0.0,0.0,0.0,0.0,0.0,0.0,0.0,0.0,0.0,0.0,0.0,0.0,0.0,0.0,0.0,1.0,0.0
4079,China,20200117,0.0,0.0,0.0,0.0,0.0,0.0,0.0,0.0,0.0,0.0,0.0,0.0,0.0,0.0,0.0,1.0,0.0
4080,China,20200118,0.0,0.0,0.0,0.0,0.0,0.0,0.0,0.0,0.0,0.0,0.0,0.0,0.0,0.0,0.0,1.0,0.0
4081,China,20200119,0.0,0.0,0.0,0.0,0.0,0.0,0.0,0.0,0.0,0.0,0.0,0.0,0.0,0.0,0.0,1.0,0.0
4082,China,20200120,0.0,0.0,0.0,0.0,0.0,0.0,0.0,0.0,0.0,0.0,0.0,0.0,0.0,0.0,0.0,1.0,0.0
4083,China,20200121,0.0,0.0,0.0,0.0,0.0,0.0,0.0,0.0,0.0,0.0,0.0,0.0,0.0,0.0,0.0,1.0,0.0
4084,China,20200122,0.0,0.0,0.0,0.0,2.0,0.0,4.0,0.0,0.0,0.0,0.0,0.0,0.0,0.0,0.0,1.0,1.0
4085,China,20200123,0.0,0.0,0.0,0.0,2.0,0.0,4.0,0.0,2.0,0.0,1.0,0.0,2.0,0.0,0.0,1.0,1.0
4086,China,20200124,0.0,0.0,0.0,0.0,2.0,0.0,4.0,0.0,2.0,0.0,1.0,0.0,2.0,0.0,0.0,1.0,1.0
4087,China,20200125,0.0,0.0,0.0,0.0,2.0,0.0,4.0,0.0,2.0,0.0,1.0,0.0,2.0,0.0,0.0,1.0,1.0
4088,China,20200126,3.0,1.0,3.0,1.0,2.0,0.0,4.0,0.0,2.0,0.0,1.0,0.0,2.0,0.0,0.0,1.0,1.0
4089,China,20200127,3.0,1.0,3.0,1.0,2.0,0.0,4.0,0.0,2.0,0.0,1.0,0.0,2.0,0.0,0.0,1.0,1.0
4090,China,20200128,3.0,1.0,3.0,1.0,2.0,0.0,4.0,0.0,2.0,0.0,1.0,0.0,2.0,0.0,0.0,1.0,1.0
4091,China,20200129,3.0,1.0,3.0,1.0,2.0,0.0,4.0,0.0,2.0,0.0,1.0,0.0,2.0,0.0,0.0,1.0,1.0
4092,China,20200130,3.0,1.0,3.0,1.0,2.0,0.0,4.0,0.0,2.0,0.0,1.0,0.0,2.0,0.0,0.0,1.0,1.0
4093,China,20200131,3.0,1.0,3.0,1.0,2.0,0.0,4.0,0.0,2.0,0.0,1.0,0.0,2.0,0.0,0.0,1.0,1.0
4094,China,20200201,3.0,1.0,3.0,1.0,2.0,0.0,4.0,0.0,2.0,0.0,3.0,0.0,2.0,0.0,0.0,1.0,1.0
4095,China,20200202,3.0,1.0,3.0,1.0,2.0,0.0,4.0,0.0,2.0,0.0,3.0,0.0,2.0,0.0,0.0,1.0,1.0
4096,China,20200203,3.0,1.0,3.0,1.0,2.0,0.0,4.0,0.0,2.0,0.0,3.0,0.0,2.0,0.0,0.0,1.0,1.0
4097,China,20200204,3.0,1.0,3.0,1.0,2.0,0.0,4.0,0.0,2.0,0.0,3.0,0.0,2.0,0.0,0.0,1.0,1.0
4098,China,20200205,3.0,1.0,3.0,1.0,2.0,0.0,4.0,0.0,2.0,0.0,3.0,0.0,2.0,0.0,0.0,1.0,1.0
4099,China,20200206,3.0,1.0,3.0,1.0,2.0,0.0,4.0,0.0,2.0,0.0,3.0,0.0,2.0,0.0,0.0,1.0,1.0
4100,China,20200207,3.0,1.0,3.0,1.0,2.0,0.0,4.0,0.0,2.0,0.0,3.0,0.0,2.0,0.0,0.0,1.0,1.0
4101,China,20200208,3.0,1.0,3.0,1.0,2.0,0.0,4.0,0.0,2.0,0.0,3.0,0.0,2.0,0.0,0.0,1.0,1.0
4102,China,20200209,3.0,1.0,3.0,1.0,2.0,0.0,4.0,0.0,2.0,0.0,3.0,0.0,2.0,0.0,0.0,1.0,1.0
4103,China,20200210,3.0,1.0,3.0,0.0,2.0,0.0,4.0,0.0,2.0,0.0,3.0,0.0,2.0,0.0,0.0,1.0,1.0
4104,China,20200211,3.0,1.0,3.0,0.0,2.0,0.0,4.0,0.0,2.0,0.0,3.0,0.0,2.0,0.0,0.0,1.0,1.0
4105,China,20200212,3.0,1.0,3.0,0.0,2.0,0.0,4.0,0.0,2.0,0.0,3.0,0.0,2.0,0.0,0.0,1.0,1.0
4106,China,20200213,3.0,1.0,3.0,0.0,2.0,0.0,4.0,0.0,2.0,0.0,3.0,0.0,2.0,0.0,0.0,1.0,1.0
4107,China,20200214,3.0,1.0,3.0,0.0,2.0,0.0,4.0,0.0,2.0,0.0,3.0,0.0,2.0,0.0,0.0,1.0,1.0
4108,China,20200215,3.0,1.0,3.0,0.0,2.0,0.0,4.0,0.0,2.0,0.0,3.0,0.0,2.0,0.0,0.0,1.0,1.0
4109,China,20200216,3.0,1.0,3.0,0.0,2.0,0.0,4.0,0.0,2.0,0.0,3.0,0.0,2.0,0.0,0.0,1.0,1.0
4110,China,20200217,3.0,1.0,3.0,0.0,2.0,0.0,4.0,0.0,2.0,0.0,3.0,0.0,2.0,0.0,0.0,1.0,1.0
4111,China,20200218,3.0,1.0,3.0,0.0,2.0,0.0,4.0,0.0,2.0,0.0,3.0,0.0,2.0,0.0,0.0,1.0,1.0
4112,China,20200219,3.0,1.0,3.0,0.0,2.0,0.0,4.0,0.0,2.0,0.0,3.0,0.0,2.0,0.0,0.0,1.0,1.0
4113,China,20200220,3.0,1.0,3.0,0.0,2.0,0.0,4.0,0.0,2.0,0.0,3.0,0.0,2.0,0.0,0.0,1.0,1.0
4114,China,20200221,3.0,1.0,3.0,0.0,2.0,0.0,4.0,0.0,2.0,0.0,3.0,0.0,2.0,0.0,0.0,1.0,1.0
4115,China,20200222,3.0,1.0,3.0,0.0,2.0,0.0,4.0,0.0,2.0,0.0,3.0,0.0,2.0,0.0,0.0,1.0,1.0
4116,China,20200223,3.0,1.0,3.0,0.0,2.0,0.0,4.0,0.0,2.0,0.0,3.0,0.0,2.0,0.0,0.0,1.0,1.0
4117,China,20200224,3.0,1.0,3.0,0.0,2.0,0.0,4.0,0.0,2.0,0.0,3.0,0.0,2.0,0.0,0.0,1.0,1.0
4118,China,20200225,3.0,1.0,3.0,0.0,2.0,0.0,4.0,0.0,2.0,0.0,3.0,0.0,2.0,0.0,2.0,1.0,1.0
4119,China,20200226,3.0,1.0,3.0,0.0,2.0,0.0,4.0,0.0,2.0,0.0,3.0,0.0,2.0,0.0,2.0,1.0,1.0
4120,China,20200227,3.0,1.0,3.0,0.0,2.0,0.0,4.0,0.0,2.0,0.0,3.0,0.0,2.0,0.0,2.0,1.0,1.0
4121,China,20200228,3.0,1.0,3.0,0.0,2.0,0.0,4.0,0.0,2.0,0.0,3.0,0.0,2.0,0.0,2.0,1.0,1.0
4122,China,20200229,3.0,1.0,3.0,0.0,2.0,0.0,4.0,0.0,2.0,0.0,3.0,0.0,2.0,0.0,2.0,1.0,1.0
4123,China,20200301,3.0,1.0,3.0,0.0,2.0,0.0,4.0,0.0,2.0,0.0,3.0,0.0,2.0,0.0,2.0,1.0,1.0
4124,China,20200302,3.0,1.0,3.0,0.0,2.0,0.0,4.0,0.0,2.0,0.0,3.0,0.0,2.0,0.0,2.0,1.0,1.0
4125,China,20200303,3.0,1.0,3.0,0.0,2.0,0.0,4.0,0.0,2.0,0.0,3.0,0.0,2.0,0.0,2.0,1.0,1.0
4126,China,20200304,3.0,1.0,3.0,0.0,2.0,0.0,4.0,0.0,2.0,0.0,3.0,0.0,2.0,0.0,2.0,1.0,1.0
4127,China,20200305,3.0,1.0,3.0,0.0,2.0,0.0,4.0,0.0,2.0,0.0,3.0,0.0,2.0,0.0,2.0,1.0,1.0
4128,China,20200306,3.0,1.0,3.0,0.0,2.0,0.0,4.0,0.0,2.0,0.0,3.0,0.0,2.0,0.0,2.0,1.0,1.0
4129,China,20200307,3.0,1.0,3.0,0.0,2.0,0.0,4.0,0.0,2.0,0.0,3.0,0.0,2.0,0.0,2.0,1.0,1.0
4130,China,20200308,3.0,1.0,3.0,0.0,2.0,0.0,4.0,0.0,2.0,0.0,3.0,0.0,2.0,0.0,2.0,1.0,1.0
4131,China,20200309,3.0,1.0,3.0,0.0,2.0,0.0,4.0,0.0,2.0,0.0,3.0,0.0,2.0,0.0,2.0,1.0,1.0
4132,China,20200310,3.0,1.0,3.0,0.0,2.0,0.0,4.0,0.0,2.0,0.0,3.0,0.0,2.0,0.0,2.0,1.0,1.0
4133,China,20200311,3.0,1.0,3.0,0.0,2.0,0.0,4.0,0.0,2.0,0.0,3.0,0.0,2.0,0.0,2.0,1.0,1.0
4134,China,20200312,3.0,1.0,3.0,0.0,2.0,0.0,4.0,0.0,2.0,0.0,3.0,0.0,2.0,0.0,2.0,1.0,1.0
4135,China,20200313,3.0,1.0,3.0,0.0,2.0,0.0,4.0,0.0,2.0,0.0,3.0,0.0,2.0,0.0,2.0,1.0,1.0
4136,China,20200314,3.0,1.0,3.0,0.0,2.0,0.0,4.0,0.0,2.0,0.0,3.0,0.0,2.0,0.0,2.0,1.0,1.0
4137,China,20200315,3.0,1.0,3.0,0.0,2.0,0.0,4.0,0.0,2.0,0.0,3.0,0.0,2.0,0.0,2.0,1.0,1.0
4138,China,20200316,3.0,0.0,3.0,0.0,2.0,0.0,4.0,0.0,2.0,0.0,3.0,0.0,2.0,0.0,2.0,1.0,1.0
4139,China,20200317,3.0,0.0,3.0,0.0,2.0,0.0,4.0,0.0,2.0,0.0,3.0,0.0,2.0,0.0,2.0,1.0,1.0
4140,China,20200318,3.0,0.0,3.0,0.0,2.0,0.0,4.0,0.0,2.0,0.0,3.0,0.0,2.0,0.0,2.0,1.0,1.0
4141,China,20200319,3.0,0.0,3.0,0.0,2.0,0.0,4.0,0.0,2.0,0.0,3.0,0.0,2.0,0.0,2.0,1.0,1.0
4142,China,20200320,3.0,0.0,3.0,0.0,2.0,0.0,4.0,0.0,2.0,0.0,3.0,0.0,2.0,0.0,2.0,1.0,1.0
4143,China,20200321,3.0,0.0,3.0,0.0,2.0,0.0,4.0,0.0,2.0,0.0,3.0,0.0,2.0,0.0,2.0,1.0,1.0
4144,China,20200322,3.0,0.0,3.0,0.0,2.0,0.0,4.0,0.0,2.0,0.0,3.0,0.0,2.0,0.0,2.0,1.0,1.0
4145,China,20200323,3.0,0.0,3.0,0.0,2.0,0.0,4.0,0.0,2.0,0.0,3.0,0.0,2.0,0.0,2.0,1.0,1.0
4146,China,20200324,3.0,0.0,3.0,0.0,2.0,0.0,4.0,0.0,2.0,0.0,3.0,0.0,2.0,0.0,2.0,1.0,1.0
4147,China,20200325,3.0,0.0,3.0,0.0,2.0,0.0,4.0,0.0,2.0,0.0,3.0,0.0,2.0,0.0,2.0,1.0,1.0
4148,China,20200326,3.0,0.0,3.0,0.0,2.0,0.0,4.0,0.0,2.0,0.0,3.0,0.0,2.0,0.0,3.0,1.0,1.0
4149,China,20200327,3.0,0.0,3.0,0.0,2.0,0.0,4.0,0.0,2.0,0.0,3.0,0.0,2.0,0.0,3.0,1.0,1.0
4150,China,20200328,3.0,0.0,3.0,0.0,2.0,0.0,4.0,0.0,0.0,0.0,3.0,0.0,2.0,0.0,3.0,1.0,1.0
4151,China,20200329,3.0,0.0,3.0,0.0,2.0,0.0,4.0,0.0,0.0,0.0,3.0,0.0,2.0,0.0,3.0,1.0,1.0
4152,China,20200330,3.0,0.0,3.0,0.0,2.0,0.0,4.0,0.0,0.0,0.0,3.0,0.0,2.0,0.0,3.0,1.0,1.0
4153,China,20200331,3.0,0.0,3.0,0.0,2.0,0.0,4.0,0.0,0.0,0.0,3.0,0.0,2.0,0.0,3.0,1.0,1.0
4154,China,20200401,3.0,0.0,3.0,0.0,2.0,0.0,4.0,0.0,0.0,0.0,3.0,0.0,2.0,0.0,3.0,1.0,1.0
4155,China,20200402,3.0,0.0,3.0,0.0,2.0,0.0,4.0,0.0,0.0,0.0,3.0,0.0,2.0,0.0,3.0,1.0,1.0
4156,China,20200403,3.0,0.0,2.0,0.0,2.0,0.0,4.0,0.0,0.0,0.0,3.0,0.0,2.0,0.0,3.0,1.0,1.0
4157,China,20200404,3.0,0.0,2.0,0.0,2.0,0.0,4.0,0.0,0.0,0.0,3.0,0.0,2.0,0.0,3.0,1.0,1.0
4158,China,20200405,3.0,0.0,2.0,0.0,2.0,0.0,4.0,0.0,0.0,0.0,3.0,0.0,2.0,0.0,3.0,1.0,1.0
4159,China,20200406,3.0,0.0,2.0,0.0,2.0,0.0,4.0,0.0,0.0,0.0,3.0,0.0,2.0,0.0,3.0,1.0,1.0
4160,China,20200407,3.0,0.0,2.0,0.0,2.0,0.0,4.0,0.0,0.0,0.0,3.0,0.0,2.0,0.0,3.0,1.0,1.0
4161,China,20200408,3.0,0.0,2.0,0.0,2.0,0.0,4.0,0.0,0.0,0.0,1.0,0.0,1.0,0.0,3.0,1.0,1.0
4162,China,20200409,3.0,0.0,2.0,0.0,2.0,0.0,4.0,0.0,0.0,0.0,1.0,0.0,1.0,0.0,3.0,1.0,1.0
4163,China,20200410,3.0,0.0,2.0,0.0,2.0,0.0,4.0,0.0,0.0,0.0,1.0,0.0,1.0,0.0,3.0,1.0,1.0
4164,China,20200411,3.0,0.0,2.0,0.0,2.0,0.0,4.0,0.0,0.0,0.0,1.0,0.0,1.0,0.0,3.0,1.0,1.0
4165,China,20200412,3.0,0.0,2.0,0.0,2.0,0.0,4.0,0.0,0.0,0.0,1.0,0.0,1.0,0.0,3.0,1.0,1.0
4166,China,20200413,3.0,0.0,2.0,0.0,2.0,0.0,4.0,0.0,0.0,0.0,1.0,0.0,1.0,0.0,3.0,1.0,1.0
4167,China,20200414,3.0,0.0,2.0,0.0,2.0,0.0,4.0,0.0,0.0,0.0,1.0,0.0,1.0,0.0,3.0,1.0,1.0
4168,China,20200415,3.0,0.0,2.0,0.0,2.0,0.0,4.0,0.0,0.0,0.0,1.0,0.0,1.0,0.0,3.0,1.0,1.0
4169,China,20200416,3.0,0.0,2.0,0.0,2.0,0.0,4.0,0.0,0.0,0.0,1.0,0.0,1.0,0.0,3.0,1.0,1.0
4170,China,20200417,3.0,0.0,2.0,0.0,2.0,0.0,4.0,0.0,0.0,0.0,1.0,0.0,1.0,0.0,3.0,1.0,1.0
4171,China,20200418,3.0,0.0,2.0,0.0,2.0,0.0,4.0,0.0,0.0,0.0,1.0,0.0,1.0,0.0,3.0,1.0,1.0
4172,China,20200419,3.0,0.0,2.0,0.0,2.0,0.0,4.0,0.0,0.0,0.0,1.0,0.0,1.0,0.0,3.0,1.0,1.0
4173,China,20200420,3.0,0.0,2.0,0.0,2.0,0.0,4.0,0.0,0.0,0.0,1.0,0.0,1.0,0.0,3.0,1.0,1.0
4174,China,20200421,3.0,0.0,2.0,0.0,2.0,0.0,4.0,0.0,0.0,0.0,1.0,0.0,1.0,0.0,3.0,1.0,1.0
4175,China,20200422,3.0,0.0,2.0,0.0,2.0,0.0,4.0,0.0,0.0,0.0,1.0,0.0,1.0,0.0,3.0,1.0,1.0
4176,China,20200423,3.0,0.0,2.0,0.0,2.0,0.0,4.0,0.0,0.0,0.0,1.0,0.0,1.0,0.0,3.0,1.0,1.0
4177,China,20200424,3.0,0.0,2.0,0.0,2.0,0.0,4.0,0.0,0.0,0.0,1.0,0.0,1.0,0.0,3.0,1.0,1.0
4178,China,20200425,3.0,0.0,2.0,0.0,2.0,0.0,4.0,0.0,0.0,0.0,1.0,0.0,1.0,0.0,3.0,1.0,1.0
4179,China,20200426,3.0,0.0,2.0,0.0,2.0,0.0,4.0,0.0,0.0,0.0,1.0,0.0,1.0,0.0,3.0,2.0,1.0
4180,China,20200427,3.0,0.0,2.0,0.0,2.0,0.0,4.0,0.0,0.0,0.0,1.0,0.0,1.0,0.0,3.0,2.0,1.0
4181,China,20200428,3.0,0.0,2.0,0.0,2.0,0.0,4.0,0.0,0.0,0.0,1.0,0.0,1.0,0.0,3.0,2.0,1.0
4182,China,20200429,3.0,0.0,2.0,0.0,2.0,0.0,4.0,0.0,0.0,0.0,1.0,0.0,1.0,0.0,3.0,2.0,1.0
4183,China,20200430,3.0,0.0,2.0,0.0,2.0,0.0,4.0,0.0,0.0,0.0,1.0,0.0,1.0,0.0,3.0,2.0,1.0
4184,China,20200501,3.0,0.0,2.0,0.0,2.0,0.0,4.0,0.0,0.0,0.0,1.0,0.0,1.0,0.0,3.0,2.0,1.0
4185,China,20200502,3.0,0.0,2.0,0.0,2.0,0.0,4.0,0.0,0.0,0.0,1.0,0.0,1.0,0.0,3.0,2.0,1.0
4186,China,20200503,3.0,0.0,2.0,0.0,2.0,0.0,4.0,0.0,0.0,0.0,1.0,0.0,1.0,0.0,3.0,2.0,1.0
4187,China,20200504,3.0,0.0,2.0,0.0,2.0,0.0,4.0,0.0,0.0,0.0,1.0,0.0,1.0,0.0,3.0,2.0,1.0
4188,China,20200505,3.0,0.0,2.0,0.0,2.0,0.0,4.0,0.0,0.0,0.0,1.0,0.0,1.0,0.0,3.0,2.0,1.0
4189,China,20200506,3.0,0.0,2.0,0.0,2.0,0.0,4.0,0.0,0.0,0.0,1.0,0.0,1.0,0.0,3.0,2.0,1.0
4190,China,20200507,3.0,0.0,2.0,0.0,2.0,0.0,4.0,0.0,0.0,0.0,1.0,0.0,1.0,0.0,3.0,2.0,1.0
4191,China,20200508,3.0,0.0,2.0,0.0,2.0,0.0,4.0,0.0,0.0,0.0,1.0,0.0,1.0,0.0,3.0,2.0,1.0
4192,China,20200509,3.0,0.0,2.0,0.0,2.0,0.0,4.0,0.0,0.0,0.0,1.0,0.0,1.0,0.0,3.0,2.0,1.0
4193,China,20200510,3.0,0.0,2.0,0.0,2.0,0.0,4.0,0.0,0.0,0.0,3.0,0.0,2.0,0.0,3.0,2.0,1.0
4194,China,20200511,3.0,0.0,2.0,0.0,2.0,0.0,4.0,0.0,0.0,0.0,3.0,0.0,2.0,0.0,3.0,2.0,1.0
4195,China,20200512,0.0,0.0,0.0,0.0,0.0,0.0,0.0,0.0,0.0,0.0,0.0,0.0,0.0,0.0,0.0,0.0,0.0
4196,China,20200513,0.0,0.0,0.0,0.0,0.0,0.0,0.0,0.0,0.0,0.0,0.0,0.0,0.0,0.0,0.0,0.0,0.0
4197,China,20200514,0.0,0.0,0.0,0.0,0.0,0.0,0.0,0.0,0.0,0.0,0.0,0.0,0.0,0.0,0.0,0.0,0.0
10557,Japan,20200101,0.0,0.0,0.0,0.0,0.0,0.0,0.0,0.0,0.0,0.0,0.0,0.0,0.0,0.0,0.0,0.0,0.0
10558,Japan,20200102,0.0,0.0,0.0,0.0,0.0,0.0,0.0,0.0,0.0,0.0,0.0,0.0,0.0,0.0,0.0,0.0,0.0
10559,Japan,20200103,0.0,0.0,0.0,0.0,0.0,0.0,0.0,0.0,0.0,0.0,0.0,0.0,0.0,0.0,0.0,0.0,0.0
10560,Japan,20200104,0.0,0.0,0.0,0.0,0.0,0.0,0.0,0.0,0.0,0.0,0.0,0.0,0.0,0.0,0.0,0.0,0.0
10561,Japan,20200105,0.0,0.0,0.0,0.0,0.0,0.0,0.0,0.0,0.0,0.0,0.0,0.0,0.0,0.0,0.0,0.0,0.0
10562,Japan,20200106,0.0,0.0,0.0,0.0,0.0,0.0,0.0,0.0,0.0,0.0,0.0,0.0,0.0,0.0,0.0,0.0,0.0
10563,Japan,20200107,0.0,0.0,0.0,0.0,0.0,0.0,0.0,0.0,0.0,0.0,0.0,0.0,0.0,0.0,1.0,0.0,0.0
10564,Japan,20200108,0.0,0.0,0.0,0.0,0.0,0.0,0.0,0.0,0.0,0.0,0.0,0.0,0.0,0.0,1.0,0.0,0.0
10565,Japan,20200109,0.0,0.0,0.0,0.0,0.0,0.0,0.0,0.0,0.0,0.0,0.0,0.0,0.0,0.0,1.0,0.0,0.0
10566,Japan,20200110,0.0,0.0,0.0,0.0,0.0,0.0,0.0,0.0,0.0,0.0,0.0,0.0,0.0,0.0,1.0,0.0,0.0
10567,Japan,20200111,0.0,0.0,0.0,0.0,0.0,0.0,0.0,0.0,0.0,0.0,0.0,0.0,0.0,0.0,1.0,0.0,0.0
10568,Japan,20200112,0.0,0.0,0.0,0.0,0.0,0.0,0.0,0.0,0.0,0.0,0.0,0.0,0.0,0.0,1.0,0.0,0.0
10569,Japan,20200113,0.0,0.0,0.0,0.0,0.0,0.0,0.0,0.0,0.0,0.0,0.0,0.0,0.0,0.0,1.0,0.0,0.0
10570,Japan,20200114,0.0,0.0,0.0,0.0,0.0,0.0,0.0,0.0,0.0,0.0,0.0,0.0,0.0,0.0,1.0,0.0,0.0
10571,Japan,20200115,0.0,0.0,0.0,0.0,0.0,0.0,0.0,0.0,0.0,0.0,0.0,0.0,0.0,0.0,1.0,0.0,0.0
10572,Japan,20200116,0.0,0.0,0.0,0.0,0.0,0.0,0.0,0.0,0.0,0.0,0.0,0.0,0.0,0.0,1.0,0.0,0.0
10573,Japan,20200117,0.0,0.0,0.0,0.0,0.0,0.0,0.0,0.0,0.0,0.0,0.0,0.0,0.0,0.0,1.0,0.0,0.0
10574,Japan,20200118,0.0,0.0,0.0,0.0,0.0,0.0,0.0,0.0,0.0,0.0,0.0,0.0,0.0,0.0,1.0,0.0,0.0
10575,Japan,20200119,0.0,0.0,0.0,0.0,0.0,0.0,0.0,0.0,0.0,0.0,0.0,0.0,0.0,0.0,1.0,0.0,0.0
10576,Japan,20200120,0.0,0.0,0.0,0.0,0.0,0.0,0.0,0.0,0.0,0.0,0.0,0.0,0.0,0.0,1.0,0.0,0.0
10577,Japan,20200121,0.0,0.0,0.0,0.0,0.0,0.0,0.0,0.0,0.0,0.0,0.0,0.0,0.0,0.0,1.0,0.0,0.0
10578,Japan,20200122,0.0,0.0,0.0,0.0,0.0,0.0,0.0,0.0,0.0,0.0,0.0,0.0,0.0,0.0,1.0,0.0,0.0
10579,Japan,20200123,0.0,0.0,0.0,0.0,0.0,0.0,0.0,0.0,0.0,0.0,0.0,0.0,0.0,0.0,1.0,0.0,0.0
10580,Japan,20200124,0.0,0.0,0.0,0.0,0.0,0.0,0.0,0.0,0.0,0.0,0.0,0.0,0.0,0.0,1.0,0.0,0.0
10581,Japan,20200125,0.0,0.0,0.0,0.0,0.0,0.0,0.0,0.0,0.0,0.0,0.0,0.0,0.0,0.0,1.0,0.0,0.0
10582,Japan,20200126,0.0,0.0,0.0,0.0,0.0,0.0,0.0,0.0,0.0,0.0,0.0,0.0,0.0,0.0,1.0,0.0,0.0
10583,Japan,20200127,0.0,0.0,0.0,0.0,0.0,0.0,0.0,0.0,0.0,0.0,0.0,0.0,0.0,0.0,1.0,0.0,0.0
10584,Japan,20200128,0.0,0.0,0.0,0.0,0.0,0.0,0.0,0.0,0.0,0.0,0.0,0.0,0.0,0.0,1.0,0.0,0.0
10585,Japan,20200129,0.0,0.0,0.0,0.0,0.0,0.0,0.0,0.0,0.0,0.0,0.0,0.0,0.0,0.0,1.0,0.0,0.0
10586,Japan,20200130,0.0,0.0,0.0,0.0,0.0,0.0,0.0,0.0,0.0,0.0,0.0,0.0,0.0,0.0,1.0,0.0,0.0
10587,Japan,20200131,0.0,0.0,0.0,0.0,0.0,0.0,0.0,0.0,0.0,0.0,0.0,0.0,0.0,0.0,1.0,0.0,0.0
10588,Japan,20200201,0.0,0.0,0.0,0.0,0.0,0.0,0.0,0.0,0.0,0.0,0.0,0.0,0.0,0.0,3.0,0.0,0.0
10589,Japan,20200202,0.0,0.0,0.0,0.0,0.0,0.0,0.0,0.0,0.0,0.0,0.0,0.0,0.0,0.0,3.0,0.0,0.0
10590,Japan,20200203,0.0,0.0,0.0,0.0,0.0,0.0,0.0,0.0,0.0,0.0,0.0,0.0,0.0,0.0,3.0,0.0,0.0
10591,Japan,20200204,0.0,0.0,0.0,0.0,0.0,0.0,0.0,0.0,0.0,0.0,0.0,0.0,0.0,0.0,3.0,2.0,1.0
10592,Japan,20200205,0.0,0.0,0.0,0.0,0.0,0.0,0.0,0.0,0.0,0.0,0.0,0.0,0.0,0.0,1.0,2.0,1.0
10593,Japan,20200206,0.0,0.0,0.0,0.0,0.0,0.0,0.0,0.0,0.0,0.0,0.0,0.0,0.0,0.0,1.0,2.0,1.0
10594,Japan,20200207,0.0,0.0,0.0,0.0,0.0,0.0,0.0,0.0,0.0,0.0,0.0,0.0,0.0,0.0,1.0,2.0,1.0
10595,Japan,20200208,0.0,0.0,0.0,0.0,0.0,0.0,0.0,0.0,0.0,0.0,0.0,0.0,0.0,0.0,1.0,2.0,1.0
10596,Japan,20200209,0.0,0.0,0.0,0.0,0.0,0.0,0.0,0.0,0.0,0.0,0.0,0.0,0.0,0.0,1.0,2.0,1.0
10597,Japan,20200210,0.0,0.0,0.0,0.0,0.0,0.0,0.0,0.0,0.0,0.0,0.0,0.0,0.0,0.0,1.0,2.0,1.0
10598,Japan,20200211,0.0,0.0,0.0,0.0,0.0,0.0,0.0,0.0,0.0,0.0,0.0,0.0,0.0,0.0,1.0,2.0,1.0
10599,Japan,20200212,0.0,0.0,0.0,0.0,0.0,0.0,0.0,0.0,0.0,0.0,0.0,0.0,0.0,0.0,1.0,2.0,1.0
10600,Japan,20200213,0.0,0.0,0.0,0.0,0.0,0.0,0.0,0.0,0.0,0.0,0.0,0.0,0.0,0.0,1.0,2.0,1.0
10601,Japan,20200214,0.0,0.0,0.0,0.0,0.0,0.0,0.0,0.0,0.0,0.0,0.0,0.0,0.0,0.0,1.0,2.0,1.0
10602,Japan,20200215,0.0,0.0,0.0,0.0,0.0,0.0,0.0,0.0,0.0,0.0,0.0,0.0,0.0,0.0,1.0,2.0,1.0
10603,Japan,20200216,0.0,0.0,0.0,0.0,0.0,0.0,0.0,0.0,0.0,0.0,0.0,0.0,0.0,0.0,1.0,2.0,1.0
10604,Japan,20200217,0.0,0.0,0.0,0.0,0.0,0.0,0.0,0.0,0.0,0.0,0.0,0.0,0.0,0.0,1.0,2.0,1.0
10605,Japan,20200218,0.0,0.0,0.0,0.0,0.0,0.0,0.0,0.0,0.0,0.0,0.0,0.0,0.0,0.0,1.0,2.0,1.0
10606,Japan,20200219,0.0,0.0,0.0,0.0,0.0,0.0,0.0,0.0,0.0,0.0,0.0,0.0,0.0,0.0,1.0,2.0,1.0
10607,Japan,20200220,0.0,0.0,0.0,0.0,1.0,1.0,0.0,0.0,0.0,0.0,0.0,0.0,0.0,0.0,1.0,2.0,1.0
10608,Japan,20200221,0.0,0.0,0.0,0.0,1.0,1.0,0.0,0.0,0.0,0.0,0.0,0.0,0.0,0.0,1.0,2.0,1.0
10609,Japan,20200222,0.0,0.0,0.0,0.0,1.0,1.0,0.0,0.0,0.0,0.0,0.0,0.0,0.0,0.0,1.0,2.0,1.0
10610,Japan,20200223,0.0,0.0,0.0,0.0,1.0,1.0,0.0,0.0,0.0,0.0,0.0,0.0,0.0,0.0,1.0,2.0,1.0
10611,Japan,20200224,0.0,0.0,0.0,0.0,1.0,1.0,0.0,0.0,0.0,0.0,0.0,0.0,0.0,0.0,1.0,2.0,1.0
10612,Japan,20200225,0.0,0.0,1.0,1.0,1.0,1.0,0.0,0.0,0.0,0.0,1.0,1.0,1.0,1.0,1.0,2.0,1.0
10613,Japan,20200226,0.0,0.0,1.0,1.0,1.0,1.0,0.0,0.0,0.0,0.0,1.0,1.0,1.0,1.0,1.0,2.0,1.0
10614,Japan,20200227,0.0,0.0,1.0,1.0,1.0,1.0,0.0,0.0,0.0,0.0,1.0,1.0,1.0,1.0,1.0,2.0,1.0
10615,Japan,20200228,0.0,0.0,1.0,1.0,1.0,1.0,0.0,0.0,0.0,0.0,1.0,1.0,1.0,1.0,1.0,2.0,1.0
10616,Japan,20200229,0.0,0.0,1.0,1.0,1.0,1.0,0.0,0.0,0.0,0.0,1.0,1.0,1.0,1.0,1.0,2.0,1.0
10617,Japan,20200301,0.0,0.0,1.0,1.0,1.0,1.0,0.0,0.0,0.0,0.0,1.0,1.0,1.0,1.0,1.0,2.0,1.0
10618,Japan,20200302,3.0,0.0,1.0,1.0,1.0,1.0,0.0,0.0,0.0,0.0,1.0,1.0,1.0,1.0,1.0,2.0,1.0
10619,Japan,20200303,3.0,0.0,1.0,1.0,1.0,1.0,0.0,0.0,0.0,0.0,1.0,1.0,1.0,1.0,1.0,2.0,1.0
10620,Japan,20200304,3.0,0.0,1.0,1.0,1.0,1.0,0.0,0.0,0.0,0.0,1.0,1.0,1.0,1.0,1.0,2.0,1.0
10621,Japan,20200305,3.0,0.0,1.0,1.0,1.0,1.0,0.0,0.0,0.0,0.0,1.0,1.0,1.0,1.0,1.0,2.0,1.0
10622,Japan,20200306,3.0,0.0,1.0,1.0,1.0,1.0,0.0,0.0,0.0,0.0,1.0,1.0,1.0,1.0,1.0,2.0,1.0
10623,Japan,20200307,3.0,0.0,1.0,1.0,1.0,1.0,0.0,0.0,0.0,0.0,1.0,1.0,1.0,1.0,1.0,2.0,1.0
10624,Japan,20200308,3.0,0.0,1.0,1.0,1.0,1.0,0.0,0.0,0.0,0.0,1.0,1.0,1.0,1.0,1.0,2.0,1.0
10625,Japan,20200309,3.0,0.0,1.0,1.0,1.0,1.0,0.0,0.0,0.0,0.0,1.0,1.0,1.0,1.0,2.0,2.0,1.0
10626,Japan,20200310,3.0,0.0,1.0,1.0,1.0,1.0,0.0,0.0,0.0,0.0,1.0,1.0,1.0,1.0,2.0,2.0,1.0
10627,Japan,20200311,3.0,0.0,1.0,1.0,1.0,1.0,0.0,0.0,0.0,0.0,1.0,1.0,1.0,1.0,2.0,2.0,1.0
10628,Japan,20200312,3.0,0.0,1.0,1.0,1.0,1.0,0.0,0.0,0.0,0.0,1.0,1.0,1.0,1.0,2.0,2.0,1.0
10629,Japan,20200313,3.0,0.0,1.0,1.0,1.0,1.0,0.0,0.0,0.0,0.0,1.0,1.0,1.0,1.0,2.0,2.0,1.0
10630,Japan,20200314,3.0,0.0,1.0,1.0,1.0,1.0,0.0,0.0,0.0,0.0,1.0,1.0,1.0,1.0,2.0,2.0,1.0
10631,Japan,20200315,3.0,0.0,1.0,1.0,1.0,1.0,0.0,0.0,0.0,0.0,1.0,1.0,1.0,1.0,2.0,2.0,1.0
10632,Japan,20200316,3.0,0.0,1.0,1.0,1.0,1.0,0.0,0.0,0.0,0.0,1.0,1.0,1.0,1.0,2.0,2.0,1.0
10633,Japan,20200317,3.0,0.0,1.0,1.0,1.0,1.0,0.0,0.0,0.0,0.0,1.0,1.0,1.0,1.0,2.0,2.0,1.0
10634,Japan,20200318,3.0,0.0,1.0,1.0,1.0,1.0,0.0,0.0,0.0,0.0,1.0,1.0,1.0,1.0,2.0,2.0,1.0
10635,Japan,20200319,3.0,0.0,1.0,1.0,1.0,1.0,0.0,0.0,0.0,0.0,1.0,1.0,1.0,1.0,2.0,2.0,1.0
10636,Japan,20200320,3.0,0.0,1.0,1.0,1.0,1.0,0.0,0.0,0.0,0.0,1.0,1.0,1.0,1.0,2.0,2.0,1.0
10637,Japan,20200321,3.0,0.0,1.0,1.0,1.0,1.0,0.0,0.0,0.0,0.0,1.0,1.0,1.0,1.0,2.0,2.0,1.0
10638,Japan,20200322,3.0,0.0,1.0,1.0,1.0,1.0,0.0,0.0,0.0,0.0,1.0,1.0,1.0,1.0,2.0,2.0,1.0
10639,Japan,20200323,3.0,0.0,1.0,1.0,1.0,1.0,0.0,0.0,0.0,0.0,1.0,1.0,1.0,1.0,2.0,2.0,1.0
10640,Japan,20200324,3.0,0.0,1.0,1.0,1.0,1.0,0.0,0.0,0.0,0.0,1.0,1.0,1.0,1.0,2.0,2.0,1.0
10641,Japan,20200325,3.0,0.0,1.0,1.0,1.0,1.0,0.0,0.0,0.0,0.0,1.0,1.0,1.0,1.0,2.0,2.0,1.0
10642,Japan,20200326,3.0,0.0,1.0,1.0,1.0,1.0,0.0,0.0,0.0,0.0,1.0,1.0,1.0,1.0,2.0,2.0,1.0
10643,Japan,20200327,3.0,0.0,1.0,1.0,1.0,1.0,0.0,0.0,0.0,0.0,1.0,1.0,1.0,1.0,2.0,2.0,1.0
10644,Japan,20200328,3.0,0.0,1.0,1.0,1.0,1.0,0.0,0.0,0.0,0.0,1.0,1.0,1.0,1.0,2.0,2.0,1.0
10645,Japan,20200329,3.0,0.0,1.0,1.0,1.0,1.0,0.0,0.0,0.0,0.0,1.0,1.0,1.0,1.0,2.0,2.0,1.0
10646,Japan,20200330,3.0,0.0,1.0,1.0,1.0,1.0,0.0,0.0,0.0,0.0,1.0,1.0,1.0,1.0,2.0,2.0,1.0
10647,Japan,20200331,3.0,0.0,1.0,1.0,1.0,1.0,0.0,0.0,0.0,0.0,1.0,1.0,1.0,1.0,2.0,2.0,1.0
10648,Japan,20200401,3.0,0.0,1.0,1.0,1.0,1.0,0.0,0.0,0.0,0.0,1.0,1.0,1.0,1.0,2.0,2.0,1.0
10649,Japan,20200402,3.0,0.0,1.0,1.0,1.0,1.0,0.0,0.0,0.0,0.0,1.0,1.0,1.0,1.0,2.0,2.0,1.0
10650,Japan,20200403,3.0,0.0,1.0,1.0,1.0,1.0,0.0,0.0,0.0,0.0,1.0,1.0,1.0,1.0,3.0,2.0,1.0
10651,Japan,20200404,3.0,0.0,1.0,1.0,1.0,1.0,0.0,0.0,0.0,0.0,1.0,1.0,1.0,1.0,3.0,2.0,1.0
10652,Japan,20200405,3.0,0.0,1.0,1.0,1.0,1.0,0.0,0.0,0.0,0.0,1.0,1.0,1.0,1.0,3.0,2.0,1.0
10653,Japan,20200406,3.0,0.0,1.0,1.0,1.0,1.0,0.0,0.0,0.0,0.0,1.0,1.0,1.0,1.0,3.0,2.0,1.0
10654,Japan,20200407,3.0,0.0,1.0,1.0,1.0,1.0,0.0,0.0,0.0,0.0,1.0,1.0,1.0,1.0,3.0,2.0,1.0
10655,Japan,20200408,3.0,0.0,1.0,1.0,1.0,1.0,0.0,0.0,0.0,0.0,1.0,1.0,1.0,1.0,3.0,2.0,1.0
10656,Japan,20200409,3.0,0.0,1.0,1.0,1.0,1.0,0.0,0.0,0.0,0.0,1.0,1.0,1.0,1.0,3.0,2.0,1.0
10657,Japan,20200410,3.0,0.0,1.0,1.0,1.0,1.0,0.0,0.0,0.0,0.0,1.0,1.0,1.0,1.0,3.0,2.0,1.0
10658,Japan,20200411,3.0,0.0,1.0,1.0,1.0,1.0,0.0,0.0,0.0,0.0,1.0,1.0,1.0,1.0,3.0,2.0,1.0
10659,Japan,20200412,3.0,0.0,1.0,1.0,1.0,1.0,0.0,0.0,0.0,0.0,1.0,1.0,1.0,1.0,3.0,2.0,1.0
10660,Japan,20200413,3.0,0.0,1.0,1.0,1.0,1.0,0.0,0.0,0.0,0.0,1.0,1.0,1.0,1.0,3.0,2.0,1.0
10661,Japan,20200414,3.0,0.0,1.0,1.0,1.0,1.0,0.0,0.0,0.0,0.0,1.0,1.0,1.0,1.0,3.0,2.0,1.0
10662,Japan,20200415,3.0,0.0,1.0,1.0,1.0,1.0,0.0,0.0,0.0,0.0,1.0,1.0,1.0,1.0,3.0,2.0,1.0
10663,Japan,20200416,3.0,0.0,1.0,1.0,1.0,1.0,0.0,0.0,0.0,0.0,1.0,1.0,1.0,1.0,3.0,2.0,1.0
10664,Japan,20200417,3.0,0.0,1.0,1.0,1.0,1.0,0.0,0.0,0.0,0.0,1.0,1.0,1.0,1.0,3.0,2.0,1.0
10665,Japan,20200418,3.0,0.0,1.0,1.0,1.0,1.0,0.0,0.0,0.0,0.0,1.0,1.0,1.0,1.0,3.0,2.0,1.0
10666,Japan,20200419,3.0,0.0,1.0,1.0,1.0,1.0,0.0,0.0,0.0,0.0,1.0,1.0,1.0,1.0,3.0,2.0,1.0
10667,Japan,20200420,3.0,0.0,1.0,1.0,1.0,1.0,0.0,0.0,0.0,0.0,1.0,1.0,1.0,1.0,3.0,2.0,1.0
10668,Japan,20200421,3.0,0.0,1.0,1.0,1.0,1.0,0.0,0.0,0.0,0.0,1.0,1.0,1.0,1.0,3.0,2.0,1.0
10669,Japan,20200422,3.0,0.0,1.0,1.0,1.0,1.0,0.0,0.0,0.0,0.0,1.0,1.0,1.0,1.0,3.0,2.0,1.0
10670,Japan,20200423,3.0,0.0,1.0,1.0,1.0,1.0,0.0,0.0,0.0,0.0,1.0,1.0,1.0,1.0,3.0,2.0,1.0
10671,Japan,20200424,3.0,0.0,1.0,1.0,1.0,1.0,0.0,0.0,0.0,0.0,1.0,1.0,1.0,1.0,3.0,2.0,1.0
10672,Japan,20200425,3.0,0.0,1.0,1.0,1.0,1.0,0.0,0.0,0.0,0.0,1.0,1.0,1.0,1.0,3.0,2.0,1.0
10673,Japan,20200426,3.0,0.0,1.0,1.0,1.0,1.0,0.0,0.0,0.0,0.0,1.0,1.0,1.0,1.0,3.0,2.0,1.0
10674,Japan,20200427,3.0,0.0,1.0,1.0,1.0,1.0,0.0,0.0,0.0,0.0,1.0,1.0,1.0,1.0,3.0,2.0,1.0
10675,Japan,20200428,3.0,0.0,1.0,1.0,1.0,1.0,0.0,0.0,0.0,0.0,1.0,1.0,1.0,1.0,3.0,2.0,1.0
10676,Japan,20200429,3.0,0.0,1.0,1.0,1.0,1.0,0.0,0.0,0.0,0.0,1.0,1.0,1.0,1.0,3.0,2.0,1.0
10677,Japan,20200430,3.0,0.0,1.0,1.0,1.0,1.0,0.0,0.0,0.0,0.0,1.0,1.0,1.0,1.0,3.0,2.0,1.0
10678,Japan,20200501,3.0,0.0,1.0,1.0,1.0,1.0,0.0,0.0,0.0,0.0,1.0,1.0,1.0,1.0,3.0,2.0,1.0
10679,Japan,20200502,3.0,0.0,1.0,1.0,1.0,1.0,0.0,0.0,0.0,0.0,1.0,1.0,1.0,1.0,3.0,2.0,1.0
10680,Japan,20200503,3.0,0.0,1.0,1.0,1.0,1.0,0.0,0.0,0.0,0.0,1.0,1.0,1.0,1.0,3.0,2.0,1.0
10681,Japan,20200504,3.0,0.0,1.0,1.0,1.0,1.0,0.0,0.0,0.0,0.0,1.0,1.0,1.0,1.0,3.0,2.0,1.0
10682,Japan,20200505,3.0,0.0,1.0,1.0,1.0,1.0,0.0,0.0,0.0,0.0,1.0,1.0,1.0,1.0,3.0,2.0,1.0
10683,Japan,20200506,3.0,0.0,1.0,1.0,1.0,1.0,0.0,0.0,0.0,0.0,1.0,1.0,1.0,1.0,3.0,2.0,1.0
10684,Japan,20200507,3.0,0.0,1.0,1.0,1.0,1.0,0.0,0.0,0.0,0.0,1.0,1.0,1.0,1.0,3.0,2.0,1.0
10685,Japan,20200508,3.0,0.0,1.0,1.0,1.0,1.0,0.0,0.0,0.0,0.0,1.0,1.0,1.0,1.0,3.0,2.0,1.0
10686,Japan,20200509,3.0,0.0,1.0,1.0,1.0,1.0,0.0,0.0,0.0,0.0,1.0,1.0,1.0,1.0,3.0,2.0,1.0
10687,Japan,20200510,3.0,0.0,1.0,1.0,1.0,1.0,0.0,0.0,0.0,0.0,1.0,1.0,1.0,1.0,3.0,2.0,1.0
10688,Japan,20200511,3.0,0.0,1.0,1.0,1.0,1.0,0.0,0.0,0.0,0.0,1.0,1.0,1.0,1.0,3.0,2.0,1.0
10689,Japan,20200512,3.0,0.0,1.0,1.0,1.0,1.0,0.0,0.0,0.0,0.0,1.0,1.0,1.0,1.0,3.0,2.0,1.0
10690,Japan,20200513,3.0,0.0,1.0,1.0,1.0,1.0,0.0,0.0,0.0,0.0,1.0,1.0,1.0,1.0,3.0,2.0,1.0
10691,Japan,20200514,3.0,0.0,1.0,0.0,1.0,1.0,0.0,0.0,0.0,0.0,1.0,1.0,1.0,1.0,3.0,2.0,1.0
10692,Japan,20200515,3.0,0.0,1.0,0.0,1.0,0.0,0.0,0.0,0.0,0.0,0.0,0.0,0.0,0.0,3.0,2.0,1.0
11100,South Korea,20200101,0.0,0.0,0.0,0.0,0.0,0.0,0.0,0.0,0.0,0.0,0.0,0.0,0.0,0.0,0.0,0.0,0.0
11101,South Korea,20200102,0.0,0.0,0.0,0.0,0.0,0.0,0.0,0.0,0.0,0.0,0.0,0.0,0.0,0.0,0.0,0.0,0.0
11102,South Korea,20200103,0.0,0.0,0.0,0.0,0.0,0.0,0.0,0.0,0.0,0.0,0.0,0.0,0.0,0.0,0.0,0.0,0.0
11103,South Korea,20200104,0.0,0.0,0.0,0.0,0.0,0.0,0.0,0.0,0.0,0.0,0.0,0.0,0.0,0.0,0.0,0.0,0.0
11104,South Korea,20200105,0.0,0.0,0.0,0.0,0.0,0.0,0.0,0.0,0.0,0.0,0.0,0.0,0.0,0.0,0.0,0.0,0.0
11105,South Korea,20200106,0.0,0.0,0.0,0.0,0.0,0.0,0.0,0.0,0.0,0.0,0.0,0.0,0.0,0.0,0.0,0.0,0.0
11106,South Korea,20200107,0.0,0.0,0.0,0.0,0.0,0.0,0.0,0.0,0.0,0.0,0.0,0.0,0.0,0.0,0.0,0.0,0.0
11107,South Korea,20200108,0.0,0.0,0.0,0.0,0.0,0.0,0.0,0.0,0.0,0.0,0.0,0.0,0.0,0.0,0.0,0.0,0.0
11108,South Korea,20200109,0.0,0.0,0.0,0.0,0.0,0.0,0.0,0.0,0.0,0.0,0.0,0.0,0.0,0.0,0.0,0.0,0.0
11109,South Korea,20200110,0.0,0.0,0.0,0.0,0.0,0.0,0.0,0.0,0.0,0.0,0.0,0.0,0.0,0.0,0.0,0.0,0.0
11110,South Korea,20200111,0.0,0.0,0.0,0.0,0.0,0.0,0.0,0.0,0.0,0.0,0.0,0.0,0.0,0.0,0.0,0.0,0.0
11111,South Korea,20200112,0.0,0.0,0.0,0.0,0.0,0.0,0.0,0.0,0.0,0.0,0.0,0.0,0.0,0.0,0.0,0.0,0.0
11112,South Korea,20200113,0.0,0.0,0.0,0.0,0.0,0.0,0.0,0.0,0.0,0.0,0.0,0.0,0.0,0.0,0.0,0.0,0.0
11113,South Korea,20200114,0.0,0.0,0.0,0.0,0.0,0.0,0.0,0.0,0.0,0.0,0.0,0.0,0.0,0.0,0.0,0.0,0.0
11114,South Korea,20200115,0.0,0.0,0.0,0.0,0.0,0.0,0.0,0.0,0.0,0.0,0.0,0.0,0.0,0.0,0.0,0.0,0.0
11115,South Korea,20200116,0.0,0.0,0.0,0.0,0.0,0.0,0.0,0.0,0.0,0.0,0.0,0.0,0.0,0.0,0.0,0.0,0.0
11116,South Korea,20200117,0.0,0.0,0.0,0.0,0.0,0.0,0.0,0.0,0.0,0.0,0.0,0.0,0.0,0.0,0.0,0.0,0.0
11117,South Korea,20200118,0.0,0.0,0.0,0.0,0.0,0.0,0.0,0.0,0.0,0.0,0.0,0.0,0.0,0.0,0.0,0.0,0.0
11118,South Korea,20200119,0.0,0.0,0.0,0.0,0.0,0.0,0.0,0.0,0.0,0.0,0.0,0.0,0.0,0.0,0.0,0.0,0.0
11119,South Korea,20200120,0.0,0.0,0.0,0.0,0.0,0.0,0.0,0.0,0.0,0.0,0.0,0.0,0.0,0.0,0.0,0.0,0.0
11120,South Korea,20200121,0.0,0.0,0.0,0.0,0.0,0.0,0.0,0.0,0.0,0.0,0.0,0.0,0.0,0.0,0.0,0.0,0.0
11121,South Korea,20200122,0.0,0.0,0.0,0.0,0.0,0.0,0.0,0.0,0.0,0.0,0.0,0.0,0.0,0.0,0.0,0.0,0.0
11122,South Korea,20200123,0.0,0.0,0.0,0.0,0.0,0.0,0.0,0.0,0.0,0.0,0.0,0.0,0.0,0.0,0.0,0.0,0.0
11123,South Korea,20200124,0.0,0.0,0.0,0.0,0.0,0.0,0.0,0.0,0.0,0.0,0.0,0.0,0.0,0.0,0.0,0.0,0.0
11124,South Korea,20200125,0.0,0.0,0.0,0.0,0.0,0.0,0.0,0.0,0.0,0.0,0.0,0.0,0.0,0.0,0.0,0.0,0.0
11125,South Korea,20200126,0.0,0.0,0.0,0.0,0.0,0.0,0.0,0.0,0.0,0.0,0.0,0.0,0.0,0.0,0.0,0.0,0.0
11126,South Korea,20200127,0.0,0.0,0.0,0.0,0.0,0.0,0.0,0.0,0.0,0.0,0.0,0.0,0.0,0.0,0.0,0.0,0.0
11127,South Korea,20200128,0.0,0.0,0.0,0.0,0.0,0.0,0.0,0.0,0.0,0.0,0.0,0.0,0.0,0.0,0.0,0.0,0.0
11128,South Korea,20200129,0.0,0.0,0.0,0.0,0.0,0.0,0.0,0.0,0.0,0.0,0.0,0.0,0.0,0.0,0.0,0.0,0.0
11129,South Korea,20200130,0.0,0.0,0.0,0.0,0.0,0.0,0.0,0.0,0.0,0.0,0.0,0.0,0.0,0.0,0.0,0.0,0.0
11130,South Korea,20200131,0.0,0.0,0.0,0.0,1.0,0.0,0.0,0.0,0.0,0.0,0.0,0.0,0.0,0.0,0.0,0.0,0.0
11131,South Korea,20200201,0.0,0.0,0.0,0.0,1.0,0.0,0.0,0.0,0.0,0.0,0.0,0.0,0.0,0.0,0.0,2.0,1.0
11132,South Korea,20200202,0.0,0.0,0.0,0.0,1.0,0.0,0.0,0.0,0.0,0.0,0.0,0.0,0.0,0.0,0.0,2.0,1.0
11133,South Korea,20200203,2.0,0.0,0.0,0.0,1.0,0.0,0.0,0.0,0.0,0.0,0.0,0.0,0.0,0.0,0.0,2.0,1.0
11134,South Korea,20200204,2.0,0.0,0.0,0.0,1.0,0.0,0.0,0.0,0.0,0.0,0.0,0.0,0.0,0.0,3.0,2.0,1.0
11135,South Korea,20200205,2.0,0.0,0.0,0.0,1.0,0.0,0.0,0.0,0.0,0.0,0.0,0.0,0.0,0.0,3.0,2.0,1.0
11136,South Korea,20200206,3.0,0.0,0.0,0.0,1.0,0.0,0.0,0.0,0.0,0.0,0.0,0.0,0.0,0.0,3.0,2.0,1.0
11137,South Korea,20200207,3.0,0.0,0.0,0.0,1.0,0.0,0.0,0.0,0.0,0.0,0.0,0.0,0.0,0.0,3.0,2.0,1.0
11138,South Korea,20200208,3.0,0.0,0.0,0.0,1.0,0.0,0.0,0.0,0.0,0.0,0.0,0.0,0.0,0.0,3.0,2.0,1.0
11139,South Korea,20200209,3.0,0.0,0.0,0.0,1.0,0.0,0.0,0.0,0.0,0.0,0.0,0.0,0.0,0.0,3.0,2.0,1.0
11140,South Korea,20200210,3.0,0.0,0.0,0.0,1.0,0.0,0.0,0.0,0.0,0.0,0.0,0.0,0.0,0.0,3.0,2.0,1.0
11141,South Korea,20200211,3.0,0.0,0.0,0.0,1.0,0.0,0.0,0.0,0.0,0.0,0.0,0.0,0.0,0.0,3.0,2.0,1.0
11142,South Korea,20200212,3.0,0.0,0.0,0.0,1.0,0.0,0.0,0.0,0.0,0.0,0.0,0.0,0.0,0.0,3.0,2.0,1.0
11143,South Korea,20200213,3.0,0.0,0.0,0.0,1.0,0.0,0.0,0.0,0.0,0.0,0.0,0.0,0.0,0.0,3.0,2.0,1.0
11144,South Korea,20200214,3.0,0.0,0.0,0.0,1.0,0.0,0.0,0.0,0.0,0.0,0.0,0.0,0.0,0.0,3.0,2.0,1.0
11145,South Korea,20200215,3.0,0.0,0.0,0.0,1.0,0.0,0.0,0.0,0.0,0.0,0.0,0.0,0.0,0.0,3.0,2.0,1.0
11146,South Korea,20200216,3.0,0.0,0.0,0.0,1.0,0.0,0.0,0.0,0.0,0.0,0.0,0.0,0.0,0.0,3.0,2.0,1.0
11147,South Korea,20200217,3.0,0.0,0.0,0.0,1.0,0.0,0.0,0.0,0.0,0.0,0.0,0.0,0.0,0.0,3.0,2.0,1.0
11148,South Korea,20200218,3.0,0.0,0.0,0.0,1.0,0.0,0.0,0.0,0.0,0.0,0.0,0.0,0.0,0.0,3.0,2.0,1.0
11149,South Korea,20200219,3.0,0.0,0.0,0.0,1.0,0.0,0.0,0.0,0.0,0.0,0.0,0.0,0.0,0.0,3.0,2.0,1.0
11150,South Korea,20200220,3.0,0.0,0.0,0.0,1.0,0.0,0.0,0.0,0.0,0.0,0.0,0.0,0.0,0.0,3.0,2.0,1.0
11151,South Korea,20200221,3.0,0.0,0.0,0.0,2.0,1.0,2.0,1.0,0.0,0.0,0.0,0.0,0.0,0.0,3.0,2.0,1.0
11152,South Korea,20200222,3.0,0.0,0.0,0.0,2.0,1.0,2.0,1.0,0.0,0.0,0.0,0.0,0.0,0.0,3.0,2.0,1.0
11153,South Korea,20200223,3.0,0.0,0.0,0.0,2.0,1.0,2.0,1.0,0.0,0.0,1.0,0.0,1.0,0.0,3.0,2.0,1.0
11154,South Korea,20200224,3.0,1.0,1.0,1.0,2.0,1.0,2.0,1.0,0.0,0.0,1.0,0.0,1.0,0.0,3.0,2.0,1.0
11155,South Korea,20200225,3.0,1.0,1.0,1.0,2.0,1.0,2.0,1.0,0.0,0.0,1.0,0.0,1.0,0.0,3.0,2.0,1.0
11156,South Korea,20200226,3.0,1.0,1.0,1.0,2.0,1.0,2.0,1.0,0.0,0.0,1.0,0.0,1.0,0.0,3.0,2.0,1.0
11157,South Korea,20200227,3.0,1.0,1.0,1.0,2.0,1.0,2.0,1.0,0.0,0.0,1.0,0.0,1.0,0.0,3.0,2.0,1.0
11158,South Korea,20200228,3.0,1.0,1.0,1.0,2.0,1.0,2.0,1.0,0.0,0.0,1.0,0.0,1.0,0.0,3.0,2.0,1.0
11159,South Korea,20200229,3.0,1.0,1.0,1.0,2.0,1.0,2.0,1.0,0.0,0.0,1.0,0.0,1.0,0.0,3.0,2.0,1.0
11160,South Korea,20200301,3.0,1.0,1.0,1.0,2.0,1.0,2.0,1.0,0.0,0.0,1.0,0.0,1.0,0.0,3.0,2.0,1.0
11161,South Korea,20200302,3.0,1.0,1.0,1.0,2.0,1.0,2.0,1.0,0.0,0.0,1.0,0.0,1.0,0.0,3.0,2.0,1.0
11162,South Korea,20200303,3.0,1.0,1.0,1.0,2.0,1.0,2.0,1.0,0.0,0.0,1.0,0.0,1.0,0.0,3.0,2.0,1.0
11163,South Korea,20200304,3.0,1.0,1.0,1.0,2.0,1.0,2.0,1.0,0.0,0.0,1.0,0.0,1.0,0.0,3.0,2.0,1.0
11164,South Korea,20200305,3.0,1.0,1.0,1.0,2.0,1.0,2.0,1.0,0.0,0.0,1.0,0.0,1.0,0.0,3.0,2.0,1.0
11165,South Korea,20200306,3.0,1.0,1.0,1.0,2.0,1.0,2.0,1.0,0.0,0.0,1.0,0.0,1.0,0.0,3.0,2.0,1.0
11166,South Korea,20200307,3.0,1.0,1.0,1.0,2.0,1.0,2.0,1.0,0.0,0.0,1.0,0.0,1.0,0.0,3.0,2.0,1.0
11167,South Korea,20200308,3.0,1.0,1.0,1.0,2.0,1.0,2.0,1.0,0.0,0.0,1.0,0.0,1.0,0.0,3.0,2.0,1.0
11168,South Korea,20200309,3.0,1.0,1.0,1.0,2.0,1.0,2.0,1.0,0.0,0.0,1.0,0.0,1.0,0.0,3.0,2.0,1.0
11169,South Korea,20200310,3.0,1.0,1.0,1.0,2.0,1.0,2.0,1.0,0.0,0.0,1.0,0.0,1.0,0.0,3.0,2.0,1.0
11170,South Korea,20200311,3.0,1.0,1.0,1.0,2.0,1.0,2.0,1.0,0.0,0.0,1.0,0.0,1.0,0.0,3.0,2.0,1.0
11171,South Korea,20200312,3.0,1.0,1.0,1.0,2.0,1.0,2.0,1.0,0.0,0.0,1.0,0.0,1.0,0.0,2.0,2.0,1.0
11172,South Korea,20200313,3.0,1.0,1.0,1.0,2.0,1.0,2.0,1.0,0.0,0.0,1.0,0.0,1.0,0.0,2.0,2.0,1.0
11173,South Korea,20200314,3.0,1.0,1.0,1.0,2.0,1.0,2.0,1.0,0.0,0.0,1.0,0.0,1.0,0.0,2.0,2.0,1.0
11174,South Korea,20200315,3.0,1.0,1.0,1.0,2.0,1.0,2.0,1.0,0.0,0.0,1.0,0.0,1.0,0.0,2.0,2.0,1.0
11175,South Korea,20200316,3.0,1.0,1.0,1.0,2.0,1.0,2.0,1.0,0.0,0.0,1.0,0.0,1.0,0.0,2.0,2.0,1.0
11176,South Korea,20200317,3.0,1.0,1.0,1.0,2.0,1.0,2.0,1.0,0.0,0.0,1.0,0.0,1.0,0.0,2.0,2.0,1.0
11177,South Korea,20200318,3.0,1.0,1.0,1.0,2.0,1.0,2.0,1.0,0.0,0.0,1.0,0.0,1.0,0.0,2.0,2.0,1.0
11178,South Korea,20200319,3.0,1.0,1.0,1.0,2.0,1.0,2.0,1.0,0.0,0.0,1.0,0.0,1.0,0.0,2.0,2.0,1.0
11179,South Korea,20200320,3.0,1.0,1.0,1.0,2.0,1.0,2.0,1.0,0.0,0.0,1.0,0.0,1.0,0.0,3.0,2.0,1.0
11180,South Korea,20200321,3.0,1.0,1.0,1.0,2.0,1.0,2.0,1.0,0.0,0.0,2.0,1.0,2.0,1.0,3.0,2.0,1.0
11181,South Korea,20200322,3.0,1.0,2.0,1.0,2.0,1.0,3.0,1.0,0.0,0.0,2.0,1.0,2.0,1.0,3.0,2.0,1.0
11182,South Korea,20200323,3.0,1.0,2.0,1.0,2.0,1.0,3.0,1.0,0.0,0.0,2.0,1.0,2.0,1.0,3.0,2.0,1.0
11183,South Korea,20200324,3.0,1.0,2.0,1.0,2.0,1.0,3.0,1.0,0.0,0.0,2.0,1.0,2.0,1.0,3.0,2.0,1.0
11184,South Korea,20200325,3.0,1.0,2.0,1.0,2.0,1.0,3.0,1.0,0.0,0.0,2.0,1.0,2.0,1.0,3.0,2.0,1.0
11185,South Korea,20200326,3.0,1.0,2.0,1.0,2.0,1.0,3.0,1.0,0.0,0.0,2.0,1.0,2.0,1.0,3.0,2.0,1.0
11186,South Korea,20200327,3.0,1.0,2.0,1.0,2.0,1.0,3.0,1.0,0.0,0.0,2.0,1.0,2.0,1.0,3.0,2.0,1.0
11187,South Korea,20200328,3.0,1.0,2.0,1.0,2.0,1.0,3.0,1.0,0.0,0.0,2.0,1.0,2.0,1.0,3.0,2.0,1.0
11188,South Korea,20200329,3.0,1.0,2.0,1.0,2.0,1.0,3.0,1.0,0.0,0.0,2.0,1.0,2.0,1.0,3.0,2.0,1.0
11189,South Korea,20200330,3.0,1.0,2.0,1.0,2.0,1.0,3.0,1.0,0.0,0.0,2.0,1.0,2.0,1.0,3.0,2.0,1.0
11190,South Korea,20200331,3.0,1.0,2.0,1.0,2.0,1.0,3.0,1.0,0.0,0.0,2.0,1.0,2.0,1.0,3.0,2.0,1.0
11191,South Korea,20200401,3.0,1.0,2.0,1.0,2.0,1.0,3.0,1.0,0.0,0.0,2.0,1.0,2.0,1.0,3.0,2.0,1.0
11192,South Korea,20200402,3.0,1.0,2.0,1.0,2.0,1.0,3.0,1.0,0.0,0.0,2.0,1.0,2.0,1.0,3.0,2.0,1.0
11193,South Korea,20200403,3.0,1.0,2.0,1.0,2.0,1.0,3.0,1.0,0.0,0.0,2.0,1.0,2.0,1.0,3.0,2.0,1.0
11194,South Korea,20200404,3.0,1.0,2.0,1.0,2.0,1.0,4.0,1.0,0.0,0.0,2.0,1.0,2.0,1.0,3.0,2.0,1.0
11195,South Korea,20200405,3.0,1.0,2.0,1.0,2.0,1.0,4.0,1.0,0.0,0.0,2.0,1.0,2.0,1.0,3.0,2.0,1.0
11196,South Korea,20200406,3.0,1.0,3.0,1.0,2.0,1.0,4.0,1.0,0.0,0.0,2.0,1.0,2.0,1.0,3.0,2.0,1.0
11197,South Korea,20200407,3.0,1.0,3.0,1.0,2.0,1.0,4.0,1.0,0.0,0.0,2.0,1.0,2.0,1.0,3.0,2.0,1.0
11198,South Korea,20200408,3.0,1.0,3.0,1.0,2.0,1.0,4.0,1.0,0.0,0.0,2.0,1.0,2.0,1.0,3.0,2.0,1.0
11199,South Korea,20200409,3.0,1.0,3.0,1.0,2.0,1.0,4.0,1.0,0.0,0.0,2.0,1.0,2.0,1.0,3.0,2.0,1.0
11200,South Korea,20200410,3.0,1.0,3.0,1.0,2.0,1.0,4.0,1.0,0.0,0.0,2.0,1.0,2.0,1.0,3.0,2.0,1.0
11201,South Korea,20200411,3.0,1.0,3.0,1.0,2.0,1.0,4.0,1.0,0.0,0.0,2.0,1.0,2.0,1.0,3.0,2.0,1.0
11202,South Korea,20200412,3.0,1.0,3.0,1.0,2.0,1.0,4.0,1.0,0.0,0.0,2.0,1.0,2.0,1.0,3.0,2.0,1.0
11203,South Korea,20200413,3.0,1.0,3.0,1.0,2.0,1.0,4.0,1.0,0.0,0.0,2.0,1.0,2.0,1.0,3.0,2.0,1.0
11204,South Korea,20200414,3.0,1.0,3.0,1.0,2.0,1.0,4.0,1.0,0.0,0.0,2.0,1.0,2.0,1.0,3.0,2.0,1.0
11205,South Korea,20200415,3.0,1.0,3.0,1.0,2.0,1.0,4.0,1.0,0.0,0.0,2.0,1.0,2.0,1.0,3.0,2.0,1.0
11206,South Korea,20200416,3.0,1.0,3.0,1.0,2.0,1.0,4.0,1.0,0.0,0.0,2.0,1.0,2.0,1.0,3.0,2.0,1.0
11207,South Korea,20200417,3.0,1.0,3.0,1.0,2.0,1.0,4.0,1.0,0.0,0.0,2.0,1.0,2.0,1.0,3.0,2.0,1.0
11208,South Korea,20200418,3.0,1.0,3.0,1.0,2.0,1.0,4.0,1.0,0.0,0.0,1.0,1.0,1.0,1.0,3.0,2.0,1.0
11209,South Korea,20200419,3.0,1.0,3.0,1.0,2.0,1.0,4.0,1.0,0.0,0.0,1.0,1.0,1.0,1.0,3.0,2.0,1.0
11210,South Korea,20200420,3.0,1.0,2.0,1.0,1.0,1.0,0.0,0.0,0.0,0.0,0.0,0.0,0.0,0.0,3.0,2.0,1.0
11211,South Korea,20200421,3.0,1.0,2.0,1.0,1.0,1.0,0.0,0.0,0.0,0.0,0.0,0.0,0.0,0.0,3.0,2.0,1.0
11212,South Korea,20200422,3.0,1.0,2.0,1.0,1.0,1.0,0.0,0.0,0.0,0.0,0.0,0.0,0.0,0.0,3.0,2.0,1.0
11213,South Korea,20200423,3.0,1.0,2.0,1.0,1.0,1.0,0.0,0.0,0.0,0.0,0.0,0.0,0.0,0.0,3.0,2.0,1.0
11214,South Korea,20200424,3.0,1.0,2.0,1.0,1.0,1.0,0.0,0.0,0.0,0.0,0.0,0.0,0.0,0.0,3.0,2.0,1.0
11215,South Korea,20200425,3.0,1.0,2.0,1.0,1.0,1.0,0.0,0.0,0.0,0.0,0.0,0.0,0.0,0.0,3.0,2.0,1.0
11216,South Korea,20200426,3.0,1.0,2.0,1.0,1.0,1.0,0.0,0.0,0.0,0.0,0.0,0.0,0.0,0.0,3.0,2.0,1.0
11217,South Korea,20200427,3.0,1.0,2.0,1.0,1.0,1.0,0.0,0.0,0.0,0.0,0.0,0.0,0.0,0.0,3.0,2.0,1.0
11218,South Korea,20200428,3.0,1.0,2.0,1.0,1.0,1.0,0.0,0.0,0.0,0.0,0.0,0.0,0.0,0.0,3.0,2.0,1.0
11219,South Korea,20200429,3.0,1.0,2.0,1.0,1.0,1.0,0.0,0.0,0.0,0.0,0.0,0.0,0.0,0.0,3.0,2.0,1.0
11220,South Korea,20200430,3.0,1.0,2.0,1.0,1.0,1.0,0.0,0.0,0.0,0.0,0.0,0.0,0.0,0.0,3.0,2.0,1.0
11221,South Korea,20200501,3.0,1.0,2.0,1.0,1.0,1.0,0.0,0.0,0.0,0.0,0.0,0.0,0.0,0.0,3.0,2.0,1.0
11222,South Korea,20200502,3.0,1.0,2.0,1.0,1.0,1.0,0.0,0.0,0.0,0.0,0.0,0.0,0.0,0.0,3.0,2.0,1.0
11223,South Korea,20200503,3.0,1.0,2.0,1.0,1.0,1.0,0.0,0.0,0.0,0.0,0.0,0.0,0.0,0.0,3.0,2.0,1.0
11224,South Korea,20200504,3.0,1.0,2.0,1.0,1.0,1.0,0.0,0.0,0.0,0.0,0.0,0.0,0.0,0.0,3.0,2.0,1.0
11225,South Korea,20200505,3.0,1.0,2.0,1.0,1.0,1.0,0.0,0.0,0.0,0.0,0.0,0.0,0.0,0.0,3.0,2.0,1.0
11226,South Korea,20200506,3.0,1.0,2.0,1.0,1.0,1.0,0.0,0.0,0.0,0.0,0.0,0.0,0.0,0.0,3.0,2.0,1.0
11227,South Korea,20200507,3.0,1.0,2.0,1.0,1.0,1.0,0.0,0.0,0.0,0.0,0.0,0.0,0.0,0.0,3.0,2.0,1.0
11228,South Korea,20200508,3.0,1.0,2.0,1.0,1.0,1.0,0.0,0.0,0.0,0.0,0.0,0.0,0.0,0.0,3.0,2.0,1.0
11229,South Korea,20200509,3.0,1.0,2.0,1.0,1.0,1.0,0.0,0.0,0.0,0.0,0.0,0.0,0.0,0.0,3.0,2.0,1.0
11230,South Korea,20200510,3.0,1.0,2.0,1.0,1.0,1.0,0.0,0.0,0.0,0.0,0.0,0.0,0.0,0.0,3.0,2.0,1.0
11231,South Korea,20200511,3.0,1.0,2.0,1.0,1.0,1.0,0.0,0.0,0.0,0.0,0.0,0.0,0.0,0.0,3.0,2.0,1.0
11232,South Korea,20200512,0.0,0.0,0.0,0.0,0.0,0.0,0.0,0.0,0.0,0.0,0.0,0.0,0.0,0.0,0.0,0.0,0.0
11233,South Korea,20200513,0.0,0.0,0.0,0.0,0.0,0.0,0.0,0.0,0.0,0.0,0.0,0.0,0.0,0.0,0.0,0.0,0.0
11234,South Korea,20200514,0.0,0.0,0.0,0.0,0.0,0.0,0.0,0.0,0.0,0.0,0.0,0.0,0.0,0.0,0.0,0.0,0.0
11235,South Korea,20200515,0.0,0.0,0.0,0.0,0.0,0.0,0.0,0.0,0.0,0.0,0.0,0.0,0.0,0.0,0.0,0.0,0.0
15020,New Zealand,20200101,0.0,0.0,0.0,0.0,0.0,0.0,0.0,0.0,0.0,0.0,0.0,0.0,0.0,0.0,0.0,0.0,0.0
15021,New Zealand,20200102,0.0,0.0,0.0,0.0,0.0,0.0,0.0,0.0,0.0,0.0,0.0,0.0,0.0,0.0,0.0,0.0,0.0
15022,New Zealand,20200103,0.0,0.0,0.0,0.0,0.0,0.0,0.0,0.0,0.0,0.0,0.0,0.0,0.0,0.0,0.0,0.0,0.0
15023,New Zealand,20200104,0.0,0.0,0.0,0.0,0.0,0.0,0.0,0.0,0.0,0.0,0.0,0.0,0.0,0.0,0.0,0.0,0.0
15024,New Zealand,20200105,0.0,0.0,0.0,0.0,0.0,0.0,0.0,0.0,0.0,0.0,0.0,0.0,0.0,0.0,0.0,0.0,0.0
15025,New Zealand,20200106,0.0,0.0,0.0,0.0,0.0,0.0,0.0,0.0,0.0,0.0,0.0,0.0,0.0,0.0,0.0,0.0,0.0
15026,New Zealand,20200107,0.0,0.0,0.0,0.0,0.0,0.0,0.0,0.0,0.0,0.0,0.0,0.0,0.0,0.0,0.0,0.0,0.0
15027,New Zealand,20200108,0.0,0.0,0.0,0.0,0.0,0.0,0.0,0.0,0.0,0.0,0.0,0.0,0.0,0.0,0.0,0.0,0.0
15028,New Zealand,20200109,0.0,0.0,0.0,0.0,0.0,0.0,0.0,0.0,0.0,0.0,0.0,0.0,0.0,0.0,0.0,0.0,0.0
15029,New Zealand,20200110,0.0,0.0,0.0,0.0,0.0,0.0,0.0,0.0,0.0,0.0,0.0,0.0,0.0,0.0,0.0,0.0,0.0
15030,New Zealand,20200111,0.0,0.0,0.0,0.0,0.0,0.0,0.0,0.0,0.0,0.0,0.0,0.0,0.0,0.0,0.0,0.0,0.0
15031,New Zealand,20200112,0.0,0.0,0.0,0.0,0.0,0.0,0.0,0.0,0.0,0.0,0.0,0.0,0.0,0.0,0.0,0.0,0.0
15032,New Zealand,20200113,0.0,0.0,0.0,0.0,0.0,0.0,0.0,0.0,0.0,0.0,0.0,0.0,0.0,0.0,0.0,0.0,0.0
15033,New Zealand,20200114,0.0,0.0,0.0,0.0,0.0,0.0,0.0,0.0,0.0,0.0,0.0,0.0,0.0,0.0,0.0,0.0,0.0
15034,New Zealand,20200115,0.0,0.0,0.0,0.0,0.0,0.0,0.0,0.0,0.0,0.0,0.0,0.0,0.0,0.0,0.0,0.0,0.0
15035,New Zealand,20200116,0.0,0.0,0.0,0.0,0.0,0.0,0.0,0.0,0.0,0.0,0.0,0.0,0.0,0.0,0.0,0.0,0.0
15036,New Zealand,20200117,0.0,0.0,0.0,0.0,0.0,0.0,0.0,0.0,0.0,0.0,0.0,0.0,0.0,0.0,0.0,0.0,0.0
15037,New Zealand,20200118,0.0,0.0,0.0,0.0,0.0,0.0,0.0,0.0,0.0,0.0,0.0,0.0,0.0,0.0,0.0,0.0,0.0
15038,New Zealand,20200119,0.0,0.0,0.0,0.0,0.0,0.0,0.0,0.0,0.0,0.0,0.0,0.0,0.0,0.0,0.0,0.0,0.0
15039,New Zealand,20200120,0.0,0.0,0.0,0.0,0.0,0.0,0.0,0.0,0.0,0.0,0.0,0.0,0.0,0.0,0.0,0.0,0.0
15040,New Zealand,20200121,0.0,0.0,0.0,0.0,0.0,0.0,0.0,0.0,0.0,0.0,0.0,0.0,0.0,0.0,0.0,0.0,0.0
15041,New Zealand,20200122,0.0,0.0,0.0,0.0,0.0,0.0,0.0,0.0,0.0,0.0,0.0,0.0,0.0,0.0,0.0,0.0,0.0
15042,New Zealand,20200123,0.0,0.0,0.0,0.0,0.0,0.0,0.0,0.0,0.0,0.0,0.0,0.0,0.0,0.0,0.0,0.0,0.0
15043,New Zealand,20200124,0.0,0.0,0.0,0.0,0.0,0.0,0.0,0.0,0.0,0.0,0.0,0.0,0.0,0.0,0.0,0.0,0.0
15044,New Zealand,20200125,0.0,0.0,0.0,0.0,0.0,0.0,0.0,0.0,0.0,0.0,0.0,0.0,0.0,0.0,0.0,0.0,0.0
15045,New Zealand,20200126,0.0,0.0,0.0,0.0,0.0,0.0,0.0,0.0,0.0,0.0,0.0,0.0,0.0,0.0,0.0,0.0,0.0
15046,New Zealand,20200127,0.0,0.0,0.0,0.0,0.0,0.0,0.0,0.0,0.0,0.0,0.0,0.0,0.0,0.0,0.0,0.0,0.0
15047,New Zealand,20200128,0.0,0.0,0.0,0.0,0.0,0.0,0.0,0.0,0.0,0.0,0.0,0.0,0.0,0.0,0.0,0.0,0.0
15048,New Zealand,20200129,0.0,0.0,0.0,0.0,0.0,0.0,0.0,0.0,0.0,0.0,0.0,0.0,0.0,0.0,0.0,0.0,0.0
15049,New Zealand,20200130,0.0,0.0,0.0,0.0,0.0,0.0,0.0,0.0,0.0,0.0,0.0,0.0,0.0,0.0,0.0,0.0,0.0
15050,New Zealand,20200131,0.0,0.0,0.0,0.0,0.0,0.0,0.0,0.0,0.0,0.0,0.0,0.0,0.0,0.0,0.0,0.0,0.0
15051,New Zealand,20200201,0.0,0.0,0.0,0.0,0.0,0.0,0.0,0.0,0.0,0.0,0.0,0.0,0.0,0.0,0.0,0.0,0.0
15052,New Zealand,20200202,0.0,0.0,0.0,0.0,0.0,0.0,0.0,0.0,0.0,0.0,0.0,0.0,0.0,0.0,3.0,1.0,1.0
15053,New Zealand,20200203,0.0,0.0,0.0,0.0,0.0,0.0,0.0,0.0,0.0,0.0,0.0,0.0,0.0,0.0,3.0,1.0,1.0
15054,New Zealand,20200204,0.0,0.0,0.0,0.0,0.0,0.0,0.0,0.0,0.0,0.0,0.0,0.0,0.0,0.0,3.0,1.0,1.0
15055,New Zealand,20200205,0.0,0.0,0.0,0.0,0.0,0.0,0.0,0.0,0.0,0.0,0.0,0.0,0.0,0.0,3.0,1.0,1.0
15056,New Zealand,20200206,0.0,0.0,0.0,0.0,0.0,0.0,0.0,0.0,0.0,0.0,0.0,0.0,0.0,0.0,3.0,1.0,1.0
15057,New Zealand,20200207,0.0,0.0,0.0,0.0,0.0,0.0,0.0,0.0,0.0,0.0,0.0,0.0,0.0,0.0,3.0,1.0,1.0
15058,New Zealand,20200208,0.0,0.0,0.0,0.0,0.0,0.0,0.0,0.0,0.0,0.0,0.0,0.0,0.0,0.0,3.0,1.0,1.0
15059,New Zealand,20200209,0.0,0.0,0.0,0.0,0.0,0.0,0.0,0.0,0.0,0.0,0.0,0.0,0.0,0.0,3.0,1.0,1.0
15060,New Zealand,20200210,0.0,0.0,0.0,0.0,0.0,0.0,0.0,0.0,0.0,0.0,0.0,0.0,0.0,0.0,3.0,1.0,1.0
15061,New Zealand,20200211,0.0,0.0,0.0,0.0,0.0,0.0,0.0,0.0,0.0,0.0,0.0,0.0,0.0,0.0,3.0,1.0,1.0
15062,New Zealand,20200212,0.0,0.0,0.0,0.0,0.0,0.0,0.0,0.0,0.0,0.0,0.0,0.0,0.0,0.0,3.0,1.0,1.0
15063,New Zealand,20200213,0.0,0.0,0.0,0.0,0.0,0.0,0.0,0.0,0.0,0.0,0.0,0.0,0.0,0.0,3.0,1.0,1.0
15064,New Zealand,20200214,0.0,0.0,0.0,0.0,0.0,0.0,0.0,0.0,0.0,0.0,0.0,0.0,0.0,0.0,3.0,1.0,1.0
15065,New Zealand,20200215,0.0,0.0,0.0,0.0,0.0,0.0,0.0,0.0,0.0,0.0,0.0,0.0,0.0,0.0,3.0,1.0,1.0
15066,New Zealand,20200216,0.0,0.0,0.0,0.0,0.0,0.0,0.0,0.0,0.0,0.0,0.0,0.0,0.0,0.0,3.0,1.0,1.0
15067,New Zealand,20200217,0.0,0.0,0.0,0.0,0.0,0.0,0.0,0.0,0.0,0.0,0.0,0.0,0.0,0.0,3.0,1.0,1.0
15068,New Zealand,20200218,0.0,0.0,0.0,0.0,0.0,0.0,0.0,0.0,0.0,0.0,0.0,0.0,0.0,0.0,3.0,1.0,1.0
15069,New Zealand,20200219,0.0,0.0,0.0,0.0,0.0,0.0,0.0,0.0,0.0,0.0,0.0,0.0,0.0,0.0,3.0,1.0,1.0
15070,New Zealand,20200220,0.0,0.0,0.0,0.0,0.0,0.0,0.0,0.0,0.0,0.0,0.0,0.0,0.0,0.0,3.0,1.0,1.0
15071,New Zealand,20200221,0.0,0.0,0.0,0.0,0.0,0.0,0.0,0.0,0.0,0.0,0.0,0.0,0.0,0.0,3.0,1.0,1.0
15072,New Zealand,20200222,0.0,0.0,0.0,0.0,0.0,0.0,0.0,0.0,0.0,0.0,0.0,0.0,0.0,0.0,3.0,1.0,1.0
15073,New Zealand,20200223,0.0,0.0,0.0,0.0,0.0,0.0,0.0,0.0,0.0,0.0,0.0,0.0,0.0,0.0,3.0,1.0,1.0
15074,New Zealand,20200224,0.0,0.0,0.0,0.0,0.0,0.0,0.0,0.0,0.0,0.0,0.0,0.0,0.0,0.0,3.0,1.0,1.0
15075,New Zealand,20200225,0.0,0.0,0.0,0.0,0.0,0.0,0.0,0.0,0.0,0.0,0.0,0.0,0.0,0.0,3.0,1.0,1.0
15076,New Zealand,20200226,0.0,0.0,0.0,0.0,0.0,0.0,0.0,0.0,0.0,0.0,0.0,0.0,0.0,0.0,3.0,1.0,1.0
15077,New Zealand,20200227,0.0,0.0,0.0,0.0,0.0,0.0,0.0,0.0,0.0,0.0,0.0,0.0,0.0,0.0,3.0,1.0,1.0
15078,New Zealand,20200228,0.0,0.0,0.0,0.0,0.0,0.0,0.0,0.0,0.0,0.0,0.0,0.0,0.0,0.0,3.0,1.0,1.0
15079,New Zealand,20200229,0.0,0.0,0.0,0.0,0.0,0.0,0.0,0.0,0.0,0.0,0.0,0.0,0.0,0.0,3.0,2.0,1.0
15080,New Zealand,20200301,0.0,0.0,0.0,0.0,0.0,0.0,0.0,0.0,0.0,0.0,0.0,0.0,0.0,0.0,3.0,2.0,1.0
15081,New Zealand,20200302,0.0,0.0,0.0,0.0,0.0,0.0,0.0,0.0,0.0,0.0,0.0,0.0,0.0,0.0,3.0,2.0,1.0
15082,New Zealand,20200303,0.0,0.0,0.0,0.0,0.0,0.0,0.0,0.0,0.0,0.0,0.0,0.0,0.0,0.0,3.0,2.0,1.0
15083,New Zealand,20200304,0.0,0.0,0.0,0.0,0.0,0.0,0.0,0.0,0.0,0.0,0.0,0.0,0.0,0.0,3.0,2.0,1.0
15084,New Zealand,20200305,0.0,0.0,0.0,0.0,0.0,0.0,0.0,0.0,0.0,0.0,0.0,0.0,0.0,0.0,3.0,2.0,1.0
15085,New Zealand,20200306,0.0,0.0,0.0,0.0,0.0,0.0,0.0,0.0,0.0,0.0,0.0,0.0,0.0,0.0,3.0,2.0,1.0
15086,New Zealand,20200307,0.0,0.0,0.0,0.0,0.0,0.0,0.0,0.0,0.0,0.0,0.0,0.0,0.0,0.0,3.0,2.0,1.0
15087,New Zealand,20200308,0.0,0.0,0.0,0.0,0.0,0.0,0.0,0.0,0.0,0.0,0.0,0.0,0.0,0.0,3.0,2.0,1.0
15088,New Zealand,20200309,0.0,0.0,0.0,0.0,0.0,0.0,0.0,0.0,0.0,0.0,0.0,0.0,0.0,0.0,3.0,2.0,1.0
15089,New Zealand,20200310,0.0,0.0,0.0,0.0,0.0,0.0,0.0,0.0,0.0,0.0,0.0,0.0,0.0,0.0,3.0,2.0,1.0
15090,New Zealand,20200311,0.0,0.0,0.0,0.0,0.0,0.0,0.0,0.0,0.0,0.0,0.0,0.0,0.0,0.0,3.0,2.0,1.0
15091,New Zealand,20200312,0.0,0.0,0.0,0.0,0.0,0.0,0.0,0.0,0.0,0.0,0.0,0.0,0.0,0.0,3.0,2.0,1.0
15092,New Zealand,20200313,0.0,0.0,0.0,0.0,0.0,0.0,0.0,0.0,0.0,0.0,0.0,0.0,0.0,0.0,3.0,2.0,1.0
15093,New Zealand,20200314,0.0,0.0,0.0,0.0,0.0,0.0,0.0,0.0,0.0,0.0,0.0,0.0,0.0,0.0,3.0,2.0,1.0
15094,New Zealand,20200315,0.0,0.0,0.0,0.0,0.0,0.0,0.0,0.0,0.0,0.0,0.0,0.0,0.0,0.0,3.0,2.0,1.0
15095,New Zealand,20200316,0.0,0.0,0.0,0.0,2.0,1.0,2.0,1.0,0.0,0.0,0.0,0.0,0.0,0.0,3.0,2.0,1.0
15096,New Zealand,20200317,0.0,0.0,0.0,0.0,2.0,1.0,2.0,1.0,0.0,0.0,0.0,0.0,0.0,0.0,3.0,2.0,1.0
15097,New Zealand,20200318,0.0,0.0,0.0,0.0,2.0,1.0,2.0,1.0,0.0,0.0,0.0,0.0,0.0,0.0,3.0,2.0,1.0
15098,New Zealand,20200319,0.0,0.0,0.0,0.0,2.0,1.0,2.0,1.0,0.0,0.0,0.0,0.0,0.0,0.0,3.0,2.0,1.0
15099,New Zealand,20200320,0.0,0.0,0.0,0.0,2.0,1.0,2.0,1.0,0.0,0.0,0.0,0.0,0.0,0.0,4.0,2.0,1.0
15100,New Zealand,20200321,0.0,0.0,1.0,1.0,2.0,1.0,3.0,1.0,0.0,0.0,1.0,1.0,1.0,1.0,4.0,2.0,1.0
15101,New Zealand,20200322,0.0,0.0,1.0,1.0,2.0,1.0,3.0,1.0,0.0,0.0,1.0,1.0,1.0,1.0,4.0,2.0,1.0
15102,New Zealand,20200323,0.0,0.0,2.0,1.0,2.0,1.0,4.0,1.0,1.0,1.0,2.0,1.0,2.0,1.0,4.0,2.0,1.0
15103,New Zealand,20200324,3.0,1.0,2.0,1.0,2.0,1.0,4.0,1.0,1.0,1.0,2.0,1.0,2.0,1.0,4.0,2.0,1.0
15104,New Zealand,20200325,3.0,1.0,3.0,1.0,2.0,1.0,4.0,1.0,1.0,1.0,2.0,1.0,2.0,1.0,4.0,2.0,1.0
15105,New Zealand,20200326,3.0,1.0,3.0,1.0,2.0,1.0,4.0,1.0,2.0,1.0,2.0,1.0,2.0,1.0,4.0,2.0,1.0
15106,New Zealand,20200327,3.0,1.0,3.0,1.0,2.0,1.0,4.0,1.0,2.0,1.0,2.0,1.0,2.0,1.0,4.0,2.0,1.0
15107,New Zealand,20200328,3.0,1.0,3.0,1.0,2.0,1.0,4.0,1.0,2.0,1.0,2.0,1.0,2.0,1.0,4.0,2.0,1.0
15108,New Zealand,20200329,3.0,1.0,3.0,1.0,2.0,1.0,4.0,1.0,2.0,1.0,2.0,1.0,2.0,1.0,4.0,2.0,1.0
15109,New Zealand,20200330,3.0,1.0,3.0,1.0,2.0,1.0,4.0,1.0,2.0,1.0,2.0,1.0,2.0,1.0,4.0,2.0,1.0
15110,New Zealand,20200331,3.0,1.0,3.0,1.0,2.0,1.0,4.0,1.0,2.0,1.0,2.0,1.0,2.0,1.0,4.0,2.0,1.0
15111,New Zealand,20200401,3.0,1.0,3.0,1.0,2.0,1.0,4.0,1.0,2.0,1.0,2.0,1.0,2.0,1.0,4.0,2.0,1.0
15112,New Zealand,20200402,3.0,1.0,3.0,1.0,2.0,1.0,4.0,1.0,2.0,1.0,2.0,1.0,2.0,1.0,4.0,2.0,1.0
15113,New Zealand,20200403,3.0,1.0,3.0,1.0,2.0,1.0,4.0,1.0,2.0,1.0,2.0,1.0,2.0,1.0,4.0,2.0,1.0
15114,New Zealand,20200404,3.0,1.0,3.0,1.0,2.0,1.0,4.0,1.0,2.0,1.0,2.0,1.0,2.0,1.0,4.0,2.0,1.0
15115,New Zealand,20200405,3.0,1.0,3.0,1.0,2.0,1.0,4.0,1.0,2.0,1.0,2.0,1.0,2.0,1.0,4.0,2.0,1.0
15116,New Zealand,20200406,3.0,1.0,3.0,1.0,2.0,1.0,4.0,1.0,2.0,1.0,2.0,1.0,2.0,1.0,4.0,2.0,1.0
15117,New Zealand,20200407,3.0,1.0,3.0,1.0,2.0,1.0,4.0,1.0,2.0,1.0,2.0,1.0,2.0,1.0,4.0,2.0,1.0
15118,New Zealand,20200408,3.0,1.0,3.0,1.0,2.0,1.0,4.0,1.0,2.0,1.0,2.0,1.0,2.0,1.0,4.0,2.0,1.0
15119,New Zealand,20200409,3.0,1.0,3.0,1.0,2.0,1.0,4.0,1.0,2.0,1.0,2.0,1.0,2.0,1.0,4.0,2.0,1.0
15120,New Zealand,20200410,3.0,1.0,3.0,1.0,2.0,1.0,4.0,1.0,2.0,1.0,2.0,1.0,2.0,1.0,4.0,2.0,1.0
15121,New Zealand,20200411,3.0,1.0,3.0,1.0,2.0,1.0,4.0,1.0,2.0,1.0,2.0,1.0,2.0,1.0,4.0,2.0,1.0
15122,New Zealand,20200412,3.0,1.0,3.0,1.0,2.0,1.0,4.0,1.0,2.0,1.0,2.0,1.0,2.0,1.0,4.0,2.0,1.0
15123,New Zealand,20200413,3.0,1.0,3.0,1.0,2.0,1.0,4.0,1.0,2.0,1.0,2.0,1.0,2.0,1.0,4.0,2.0,1.0
15124,New Zealand,20200414,3.0,1.0,3.0,1.0,2.0,1.0,4.0,1.0,2.0,1.0,2.0,1.0,2.0,1.0,4.0,2.0,1.0
15125,New Zealand,20200415,3.0,1.0,3.0,1.0,2.0,1.0,4.0,1.0,2.0,1.0,2.0,1.0,2.0,1.0,4.0,2.0,1.0
15126,New Zealand,20200416,3.0,1.0,3.0,1.0,2.0,1.0,4.0,1.0,2.0,1.0,2.0,1.0,2.0,1.0,4.0,2.0,1.0
15127,New Zealand,20200417,3.0,1.0,3.0,1.0,2.0,1.0,4.0,1.0,2.0,1.0,2.0,1.0,2.0,1.0,4.0,2.0,1.0
15128,New Zealand,20200418,3.0,1.0,3.0,1.0,2.0,1.0,4.0,1.0,2.0,1.0,2.0,1.0,2.0,1.0,4.0,2.0,1.0
15129,New Zealand,20200419,3.0,1.0,3.0,1.0,2.0,1.0,4.0,1.0,2.0,1.0,2.0,1.0,2.0,1.0,4.0,2.0,1.0
15130,New Zealand,20200420,3.0,1.0,3.0,1.0,2.0,1.0,4.0,1.0,2.0,1.0,2.0,1.0,2.0,1.0,4.0,2.0,1.0
15131,New Zealand,20200421,3.0,1.0,3.0,1.0,2.0,1.0,4.0,1.0,2.0,1.0,2.0,1.0,2.0,1.0,4.0,2.0,1.0
15132,New Zealand,20200422,3.0,1.0,3.0,1.0,2.0,1.0,4.0,1.0,2.0,1.0,2.0,1.0,2.0,1.0,4.0,2.0,1.0
15133,New Zealand,20200423,3.0,1.0,3.0,1.0,2.0,1.0,4.0,1.0,2.0,1.0,2.0,1.0,2.0,1.0,4.0,2.0,1.0
15134,New Zealand,20200424,3.0,1.0,3.0,1.0,2.0,1.0,4.0,1.0,2.0,1.0,2.0,1.0,2.0,1.0,4.0,2.0,1.0
15135,New Zealand,20200425,3.0,1.0,2.0,1.0,2.0,1.0,4.0,1.0,2.0,1.0,2.0,1.0,2.0,1.0,4.0,2.0,1.0
15136,New Zealand,20200426,3.0,1.0,3.0,1.0,2.0,1.0,4.0,1.0,2.0,1.0,2.0,1.0,2.0,1.0,4.0,2.0,1.0
15137,New Zealand,20200427,3.0,1.0,3.0,1.0,2.0,1.0,4.0,1.0,2.0,1.0,2.0,1.0,2.0,1.0,4.0,2.0,1.0
15138,New Zealand,20200428,3.0,1.0,2.0,1.0,2.0,1.0,4.0,1.0,1.0,1.0,2.0,1.0,2.0,1.0,4.0,2.0,1.0
15139,New Zealand,20200429,2.0,1.0,2.0,1.0,2.0,1.0,4.0,1.0,1.0,1.0,2.0,1.0,2.0,1.0,4.0,2.0,1.0
15140,New Zealand,20200430,2.0,1.0,2.0,1.0,2.0,1.0,4.0,1.0,1.0,1.0,2.0,1.0,2.0,1.0,4.0,2.0,1.0
15141,New Zealand,20200501,2.0,1.0,2.0,1.0,2.0,1.0,4.0,1.0,1.0,1.0,2.0,1.0,2.0,1.0,4.0,2.0,1.0
15142,New Zealand,20200502,2.0,1.0,2.0,1.0,2.0,1.0,4.0,1.0,1.0,1.0,2.0,1.0,2.0,1.0,4.0,2.0,1.0
15143,New Zealand,20200503,2.0,1.0,2.0,1.0,2.0,1.0,4.0,1.0,1.0,1.0,2.0,1.0,2.0,1.0,4.0,2.0,1.0
15144,New Zealand,20200504,2.0,1.0,2.0,1.0,2.0,1.0,4.0,1.0,1.0,1.0,2.0,1.0,2.0,1.0,4.0,2.0,1.0
15145,New Zealand,20200505,2.0,1.0,2.0,1.0,2.0,1.0,4.0,1.0,1.0,1.0,2.0,1.0,2.0,1.0,4.0,2.0,1.0
15146,New Zealand,20200506,2.0,1.0,2.0,1.0,2.0,1.0,4.0,1.0,1.0,1.0,2.0,1.0,2.0,1.0,4.0,2.0,1.0
15147,New Zealand,20200507,2.0,1.0,2.0,1.0,2.0,1.0,4.0,1.0,1.0,1.0,2.0,1.0,2.0,1.0,4.0,2.0,1.0
15148,New Zealand,20200508,2.0,1.0,2.0,1.0,2.0,1.0,4.0,1.0,1.0,1.0,2.0,1.0,2.0,1.0,4.0,2.0,1.0
15149,New Zealand,20200509,2.0,1.0,2.0,1.0,2.0,1.0,4.0,1.0,1.0,1.0,2.0,1.0,2.0,1.0,4.0,2.0,1.0
15150,New Zealand,20200510,0.0,0.0,0.0,0.0,0.0,0.0,0.0,0.0,0.0,0.0,0.0,0.0,0.0,0.0,0.0,2.0,1.0
15151,New Zealand,20200511,0.0,0.0,0.0,0.0,0.0,0.0,0.0,0.0,0.0,0.0,0.0,0.0,0.0,0.0,0.0,2.0,1.0
15152,New Zealand,20200512,0.0,0.0,0.0,0.0,0.0,0.0,0.0,0.0,0.0,0.0,0.0,0.0,0.0,0.0,0.0,2.0,1.0
15153,New Zealand,20200513,0.0,0.0,0.0,0.0,0.0,0.0,0.0,0.0,0.0,0.0,0.0,0.0,0.0,0.0,0.0,2.0,1.0
15154,New Zealand,20200514,0.0,0.0,0.0,0.0,0.0,0.0,0.0,0.0,0.0,0.0,0.0,0.0,0.0,0.0,0.0,2.0,1.0
15155,New Zealand,20200515,0.0,0.0,0.0,0.0,0.0,0.0,0.0,0.0,0.0,0.0,0.0,0.0,0.0,0.0,0.0,2.0,1.0
17590,Singapore,20200101,0.0,0.0,0.0,0.0,0.0,0.0,0.0,0.0,0.0,0.0,0.0,0.0,0.0,0.0,0.0,0.0,0.0
17591,Singapore,20200102,0.0,0.0,0.0,0.0,0.0,0.0,0.0,0.0,0.0,0.0,0.0,0.0,0.0,0.0,1.0,2.0,1.0
17592,Singapore,20200103,0.0,0.0,0.0,0.0,0.0,0.0,0.0,0.0,0.0,0.0,0.0,0.0,0.0,0.0,1.0,2.0,1.0
17593,Singapore,20200104,0.0,0.0,0.0,0.0,0.0,0.0,0.0,0.0,0.0,0.0,0.0,0.0,0.0,0.0,1.0,2.0,1.0
17594,Singapore,20200105,0.0,0.0,0.0,0.0,0.0,0.0,0.0,0.0,0.0,0.0,0.0,0.0,0.0,0.0,1.0,2.0,1.0
17595,Singapore,20200106,0.0,0.0,0.0,0.0,0.0,0.0,0.0,0.0,0.0,0.0,0.0,0.0,0.0,0.0,1.0,2.0,1.0
17596,Singapore,20200107,0.0,0.0,0.0,0.0,0.0,0.0,0.0,0.0,0.0,0.0,0.0,0.0,0.0,0.0,1.0,2.0,1.0
17597,Singapore,20200108,0.0,0.0,0.0,0.0,0.0,0.0,0.0,0.0,0.0,0.0,0.0,0.0,0.0,0.0,1.0,2.0,1.0
17598,Singapore,20200109,0.0,0.0,0.0,0.0,0.0,0.0,0.0,0.0,0.0,0.0,0.0,0.0,0.0,0.0,1.0,2.0,1.0
17599,Singapore,20200110,0.0,0.0,0.0,0.0,0.0,0.0,0.0,0.0,0.0,0.0,0.0,0.0,0.0,0.0,1.0,2.0,1.0
17600,Singapore,20200111,0.0,0.0,0.0,0.0,0.0,0.0,0.0,0.0,0.0,0.0,0.0,0.0,0.0,0.0,1.0,2.0,1.0
17601,Singapore,20200112,0.0,0.0,0.0,0.0,0.0,0.0,0.0,0.0,0.0,0.0,0.0,0.0,0.0,0.0,1.0,2.0,1.0
17602,Singapore,20200113,0.0,0.0,0.0,0.0,0.0,0.0,0.0,0.0,0.0,0.0,0.0,0.0,0.0,0.0,1.0,2.0,1.0
17603,Singapore,20200114,0.0,0.0,0.0,0.0,0.0,0.0,0.0,0.0,0.0,0.0,0.0,0.0,0.0,0.0,1.0,2.0,1.0
17604,Singapore,20200115,0.0,0.0,0.0,0.0,0.0,0.0,0.0,0.0,0.0,0.0,0.0,0.0,0.0,0.0,1.0,2.0,1.0
17605,Singapore,20200116,0.0,0.0,0.0,0.0,0.0,0.0,0.0,0.0,0.0,0.0,0.0,0.0,0.0,0.0,1.0,2.0,1.0
17606,Singapore,20200117,0.0,0.0,0.0,0.0,0.0,0.0,0.0,0.0,0.0,0.0,0.0,0.0,0.0,0.0,1.0,2.0,1.0
17607,Singapore,20200118,0.0,0.0,0.0,0.0,0.0,0.0,0.0,0.0,0.0,0.0,0.0,0.0,0.0,0.0,1.0,2.0,1.0
17608,Singapore,20200119,0.0,0.0,0.0,0.0,0.0,0.0,0.0,0.0,0.0,0.0,0.0,0.0,0.0,0.0,1.0,2.0,1.0
17609,Singapore,20200120,0.0,0.0,0.0,0.0,0.0,0.0,0.0,0.0,0.0,0.0,0.0,0.0,0.0,0.0,1.0,2.0,1.0
17610,Singapore,20200121,0.0,0.0,0.0,0.0,0.0,0.0,0.0,0.0,0.0,0.0,0.0,0.0,0.0,0.0,1.0,2.0,1.0
17611,Singapore,20200122,0.0,0.0,0.0,0.0,0.0,0.0,0.0,0.0,0.0,0.0,0.0,0.0,0.0,0.0,1.0,2.0,1.0
17612,Singapore,20200123,0.0,0.0,0.0,0.0,0.0,0.0,0.0,0.0,0.0,0.0,0.0,0.0,0.0,0.0,3.0,2.0,1.0
17613,Singapore,20200124,0.0,0.0,0.0,0.0,0.0,0.0,0.0,0.0,0.0,0.0,0.0,0.0,0.0,0.0,3.0,2.0,1.0
17614,Singapore,20200125,0.0,0.0,0.0,0.0,0.0,0.0,0.0,0.0,0.0,0.0,0.0,0.0,0.0,0.0,3.0,2.0,1.0
17615,Singapore,20200126,0.0,0.0,0.0,0.0,0.0,0.0,0.0,0.0,0.0,0.0,0.0,0.0,0.0,0.0,3.0,2.0,1.0
17616,Singapore,20200127,0.0,0.0,0.0,0.0,0.0,0.0,0.0,0.0,0.0,0.0,0.0,0.0,0.0,0.0,3.0,2.0,1.0
17617,Singapore,20200128,0.0,0.0,0.0,0.0,0.0,0.0,0.0,0.0,0.0,0.0,0.0,0.0,0.0,0.0,3.0,2.0,1.0
17618,Singapore,20200129,0.0,0.0,0.0,0.0,0.0,0.0,0.0,0.0,0.0,0.0,0.0,0.0,0.0,0.0,3.0,2.0,1.0
17619,Singapore,20200130,0.0,0.0,0.0,0.0,0.0,0.0,0.0,0.0,0.0,0.0,0.0,0.0,0.0,0.0,3.0,2.0,1.0
17620,Singapore,20200131,0.0,0.0,0.0,0.0,0.0,0.0,0.0,0.0,0.0,0.0,0.0,0.0,0.0,0.0,3.0,2.0,1.0
17621,Singapore,20200201,0.0,0.0,0.0,0.0,0.0,0.0,0.0,0.0,0.0,0.0,0.0,0.0,0.0,0.0,3.0,2.0,1.0
17622,Singapore,20200202,0.0,0.0,0.0,0.0,0.0,0.0,0.0,0.0,0.0,0.0,0.0,0.0,0.0,0.0,3.0,2.0,1.0
17623,Singapore,20200203,0.0,0.0,0.0,0.0,0.0,0.0,0.0,0.0,0.0,0.0,0.0,0.0,0.0,0.0,3.0,2.0,1.0
17624,Singapore,20200204,0.0,0.0,0.0,0.0,0.0,0.0,0.0,0.0,0.0,0.0,0.0,0.0,0.0,0.0,3.0,2.0,1.0
17625,Singapore,20200205,0.0,0.0,0.0,0.0,0.0,0.0,0.0,0.0,0.0,0.0,0.0,0.0,0.0,0.0,3.0,2.0,1.0
17626,Singapore,20200206,0.0,0.0,0.0,0.0,0.0,0.0,0.0,0.0,0.0,0.0,0.0,0.0,0.0,0.0,3.0,2.0,1.0
17627,Singapore,20200207,0.0,0.0,0.0,0.0,1.0,1.0,0.0,0.0,0.0,0.0,0.0,0.0,0.0,0.0,3.0,2.0,1.0
17628,Singapore,20200208,0.0,0.0,0.0,0.0,1.0,1.0,0.0,0.0,0.0,0.0,0.0,0.0,0.0,0.0,3.0,2.0,1.0
17629,Singapore,20200209,0.0,0.0,0.0,0.0,1.0,1.0,0.0,0.0,0.0,0.0,0.0,0.0,0.0,0.0,3.0,2.0,1.0
17630,Singapore,20200210,0.0,0.0,0.0,0.0,1.0,1.0,0.0,0.0,0.0,0.0,0.0,0.0,0.0,0.0,3.0,2.0,1.0
17631,Singapore,20200211,0.0,0.0,0.0,0.0,1.0,1.0,0.0,0.0,0.0,0.0,0.0,0.0,0.0,0.0,3.0,2.0,1.0
17632,Singapore,20200212,0.0,0.0,0.0,0.0,1.0,1.0,0.0,0.0,0.0,0.0,0.0,0.0,0.0,0.0,3.0,2.0,1.0
17633,Singapore,20200213,0.0,0.0,0.0,0.0,1.0,1.0,0.0,0.0,0.0,0.0,0.0,0.0,0.0,0.0,3.0,2.0,1.0
17634,Singapore,20200214,0.0,0.0,0.0,0.0,1.0,1.0,0.0,0.0,0.0,0.0,0.0,0.0,0.0,0.0,3.0,2.0,1.0
17635,Singapore,20200215,0.0,0.0,0.0,0.0,1.0,1.0,0.0,0.0,0.0,0.0,0.0,0.0,0.0,0.0,3.0,2.0,1.0
17636,Singapore,20200216,0.0,0.0,0.0,0.0,1.0,1.0,0.0,0.0,0.0,0.0,0.0,0.0,0.0,0.0,3.0,2.0,1.0
17637,Singapore,20200217,0.0,0.0,0.0,0.0,1.0,1.0,0.0,0.0,0.0,0.0,0.0,0.0,0.0,0.0,3.0,2.0,1.0
17638,Singapore,20200218,0.0,0.0,0.0,0.0,1.0,1.0,0.0,0.0,0.0,0.0,0.0,0.0,0.0,0.0,3.0,2.0,1.0
17639,Singapore,20200219,0.0,0.0,0.0,0.0,1.0,1.0,0.0,0.0,0.0,0.0,0.0,0.0,0.0,0.0,3.0,2.0,1.0
17640,Singapore,20200220,0.0,0.0,0.0,0.0,1.0,1.0,0.0,0.0,0.0,0.0,0.0,0.0,0.0,0.0,3.0,2.0,1.0
17641,Singapore,20200221,0.0,0.0,0.0,0.0,1.0,1.0,0.0,0.0,0.0,0.0,0.0,0.0,0.0,0.0,3.0,2.0,1.0
17642,Singapore,20200222,0.0,0.0,0.0,0.0,1.0,1.0,0.0,0.0,0.0,0.0,0.0,0.0,0.0,0.0,3.0,2.0,1.0
17643,Singapore,20200223,0.0,0.0,0.0,0.0,1.0,1.0,0.0,0.0,0.0,0.0,0.0,0.0,0.0,0.0,3.0,2.0,1.0
17644,Singapore,20200224,0.0,0.0,0.0,0.0,1.0,1.0,0.0,0.0,0.0,0.0,0.0,0.0,0.0,0.0,3.0,2.0,1.0
17645,Singapore,20200225,0.0,0.0,0.0,0.0,1.0,1.0,0.0,0.0,0.0,0.0,0.0,0.0,0.0,0.0,3.0,2.0,1.0
17646,Singapore,20200226,0.0,0.0,0.0,0.0,1.0,1.0,0.0,0.0,0.0,0.0,0.0,0.0,0.0,0.0,3.0,2.0,1.0
17647,Singapore,20200227,0.0,0.0,0.0,0.0,1.0,1.0,0.0,0.0,0.0,0.0,0.0,0.0,0.0,0.0,3.0,2.0,1.0
17648,Singapore,20200228,0.0,0.0,0.0,0.0,1.0,1.0,0.0,0.0,0.0,0.0,0.0,0.0,0.0,0.0,3.0,2.0,1.0
17649,Singapore,20200229,0.0,0.0,0.0,0.0,1.0,1.0,0.0,0.0,0.0,0.0,0.0,0.0,0.0,0.0,3.0,2.0,1.0
17650,Singapore,20200301,0.0,0.0,0.0,0.0,1.0,1.0,0.0,0.0,0.0,0.0,0.0,0.0,0.0,0.0,3.0,2.0,1.0
17651,Singapore,20200302,0.0,0.0,0.0,0.0,1.0,1.0,0.0,0.0,0.0,0.0,0.0,0.0,0.0,0.0,3.0,2.0,1.0
17652,Singapore,20200303,0.0,0.0,0.0,0.0,1.0,1.0,0.0,0.0,0.0,0.0,0.0,0.0,0.0,0.0,3.0,2.0,1.0
17653,Singapore,20200304,0.0,0.0,0.0,0.0,1.0,1.0,0.0,0.0,0.0,0.0,0.0,0.0,0.0,0.0,3.0,2.0,1.0
17654,Singapore,20200305,0.0,0.0,0.0,0.0,1.0,1.0,0.0,0.0,0.0,0.0,0.0,0.0,0.0,0.0,3.0,2.0,1.0
17655,Singapore,20200306,0.0,0.0,0.0,0.0,1.0,1.0,0.0,0.0,0.0,0.0,0.0,0.0,0.0,0.0,3.0,2.0,1.0
17656,Singapore,20200307,0.0,0.0,0.0,0.0,1.0,1.0,0.0,0.0,0.0,0.0,0.0,0.0,0.0,0.0,3.0,2.0,1.0
17657,Singapore,20200308,0.0,0.0,0.0,0.0,1.0,1.0,0.0,0.0,0.0,0.0,0.0,0.0,0.0,0.0,3.0,2.0,1.0
17658,Singapore,20200309,0.0,0.0,0.0,0.0,1.0,1.0,0.0,0.0,0.0,0.0,0.0,0.0,0.0,0.0,3.0,2.0,1.0
17659,Singapore,20200310,0.0,0.0,0.0,0.0,1.0,1.0,0.0,0.0,0.0,0.0,0.0,0.0,0.0,0.0,3.0,2.0,1.0
17660,Singapore,20200311,0.0,0.0,0.0,0.0,1.0,1.0,0.0,0.0,0.0,0.0,0.0,0.0,0.0,0.0,3.0,2.0,1.0
17661,Singapore,20200312,0.0,0.0,0.0,0.0,1.0,1.0,0.0,0.0,0.0,0.0,0.0,0.0,0.0,0.0,3.0,2.0,1.0
17662,Singapore,20200313,0.0,0.0,0.0,0.0,2.0,1.0,2.0,1.0,0.0,0.0,0.0,0.0,0.0,0.0,3.0,2.0,1.0
17663,Singapore,20200314,0.0,0.0,0.0,0.0,2.0,1.0,2.0,1.0,0.0,0.0,0.0,0.0,0.0,0.0,3.0,2.0,1.0
17664,Singapore,20200315,0.0,0.0,0.0,0.0,2.0,1.0,2.0,1.0,0.0,0.0,0.0,0.0,0.0,0.0,3.0,2.0,1.0
17665,Singapore,20200316,0.0,0.0,0.0,0.0,2.0,1.0,2.0,1.0,0.0,0.0,0.0,0.0,0.0,0.0,3.0,2.0,1.0
17666,Singapore,20200317,0.0,0.0,0.0,0.0,2.0,1.0,2.0,1.0,0.0,0.0,0.0,0.0,0.0,0.0,3.0,2.0,1.0
17667,Singapore,20200318,0.0,0.0,0.0,0.0,2.0,1.0,2.0,1.0,0.0,0.0,0.0,0.0,0.0,0.0,3.0,2.0,1.0
17668,Singapore,20200319,0.0,0.0,0.0,0.0,2.0,1.0,2.0,1.0,0.0,0.0,0.0,0.0,0.0,0.0,3.0,2.0,1.0
17669,Singapore,20200320,0.0,0.0,0.0,0.0,2.0,1.0,2.0,1.0,0.0,0.0,0.0,0.0,0.0,0.0,3.0,2.0,1.0
17670,Singapore,20200321,0.0,0.0,0.0,0.0,2.0,1.0,2.0,1.0,0.0,0.0,0.0,0.0,0.0,0.0,3.0,2.0,1.0
17671,Singapore,20200322,0.0,0.0,0.0,0.0,2.0,1.0,2.0,1.0,0.0,0.0,0.0,0.0,0.0,0.0,3.0,2.0,1.0
17672,Singapore,20200323,0.0,0.0,0.0,0.0,2.0,1.0,2.0,1.0,0.0,0.0,0.0,0.0,0.0,0.0,3.0,2.0,1.0
17673,Singapore,20200324,0.0,0.0,0.0,0.0,2.0,1.0,2.0,1.0,0.0,0.0,0.0,0.0,0.0,0.0,3.0,2.0,1.0
17674,Singapore,20200325,0.0,0.0,0.0,0.0,2.0,1.0,2.0,1.0,0.0,0.0,0.0,0.0,0.0,0.0,3.0,2.0,1.0
17675,Singapore,20200326,0.0,0.0,0.0,0.0,2.0,1.0,2.0,1.0,0.0,0.0,0.0,0.0,0.0,0.0,3.0,2.0,1.0
17676,Singapore,20200327,0.0,0.0,0.0,0.0,2.0,1.0,3.0,1.0,0.0,0.0,0.0,0.0,0.0,0.0,3.0,2.0,1.0
17677,Singapore,20200328,0.0,0.0,0.0,0.0,2.0,1.0,3.0,1.0,0.0,0.0,0.0,0.0,0.0,0.0,3.0,2.0,1.0
17678,Singapore,20200329,0.0,0.0,0.0,0.0,2.0,1.0,3.0,1.0,0.0,0.0,0.0,0.0,0.0,0.0,3.0,2.0,1.0
17679,Singapore,20200330,0.0,0.0,0.0,0.0,2.0,1.0,3.0,1.0,0.0,0.0,0.0,0.0,0.0,0.0,3.0,2.0,1.0
17680,Singapore,20200331,0.0,0.0,0.0,0.0,2.0,1.0,3.0,1.0,0.0,0.0,0.0,0.0,0.0,0.0,3.0,2.0,1.0
17681,Singapore,20200401,0.0,0.0,0.0,0.0,2.0,1.0,3.0,1.0,0.0,0.0,0.0,0.0,0.0,0.0,3.0,2.0,1.0
17682,Singapore,20200402,0.0,0.0,0.0,0.0,2.0,1.0,3.0,1.0,0.0,0.0,0.0,0.0,0.0,0.0,3.0,2.0,1.0
17683,Singapore,20200403,0.0,0.0,0.0,0.0,2.0,1.0,3.0,1.0,0.0,0.0,1.0,1.0,1.0,1.0,3.0,2.0,1.0
17684,Singapore,20200404,0.0,0.0,0.0,0.0,2.0,1.0,3.0,1.0,0.0,0.0,1.0,1.0,1.0,1.0,3.0,2.0,1.0
17685,Singapore,20200405,0.0,0.0,0.0,0.0,2.0,1.0,3.0,1.0,0.0,0.0,1.0,1.0,1.0,1.0,3.0,2.0,1.0
17686,Singapore,20200406,0.0,0.0,0.0,0.0,2.0,1.0,3.0,1.0,0.0,0.0,1.0,1.0,1.0,1.0,3.0,2.0,1.0
17687,Singapore,20200407,0.0,0.0,3.0,1.0,2.0,1.0,3.0,1.0,0.0,0.0,1.0,1.0,1.0,1.0,3.0,2.0,1.0
17688,Singapore,20200408,3.0,1.0,3.0,1.0,2.0,1.0,4.0,1.0,0.0,0.0,2.0,1.0,2.0,1.0,3.0,2.0,1.0
17689,Singapore,20200409,3.0,1.0,3.0,1.0,2.0,1.0,4.0,1.0,0.0,0.0,2.0,1.0,2.0,1.0,3.0,2.0,1.0
17690,Singapore,20200410,3.0,1.0,3.0,1.0,2.0,1.0,4.0,1.0,0.0,0.0,2.0,1.0,2.0,1.0,2.0,2.0,1.0
17691,Singapore,20200411,3.0,1.0,3.0,1.0,2.0,1.0,4.0,1.0,0.0,0.0,2.0,1.0,2.0,1.0,2.0,2.0,1.0
17692,Singapore,20200412,3.0,1.0,3.0,1.0,2.0,1.0,4.0,1.0,0.0,0.0,2.0,1.0,2.0,1.0,2.0,2.0,1.0
17693,Singapore,20200413,3.0,1.0,3.0,1.0,2.0,1.0,4.0,1.0,0.0,0.0,2.0,1.0,2.0,1.0,2.0,2.0,1.0
17694,Singapore,20200414,3.0,1.0,3.0,1.0,2.0,1.0,4.0,1.0,1.0,1.0,2.0,1.0,2.0,1.0,2.0,2.0,1.0
17695,Singapore,20200415,3.0,1.0,3.0,1.0,2.0,1.0,4.0,1.0,1.0,1.0,2.0,1.0,2.0,1.0,2.0,2.0,1.0
17696,Singapore,20200416,3.0,1.0,3.0,1.0,2.0,1.0,4.0,1.0,1.0,1.0,2.0,1.0,2.0,1.0,2.0,2.0,1.0
17697,Singapore,20200417,3.0,1.0,3.0,1.0,2.0,1.0,4.0,1.0,1.0,1.0,2.0,1.0,2.0,1.0,2.0,2.0,1.0
17698,Singapore,20200418,3.0,1.0,3.0,1.0,2.0,1.0,4.0,1.0,1.0,1.0,2.0,1.0,2.0,1.0,2.0,2.0,1.0
17699,Singapore,20200419,3.0,1.0,3.0,1.0,2.0,1.0,4.0,1.0,1.0,1.0,2.0,1.0,2.0,1.0,2.0,2.0,1.0
17700,Singapore,20200420,3.0,1.0,3.0,1.0,2.0,1.0,4.0,1.0,1.0,1.0,2.0,1.0,2.0,1.0,2.0,2.0,1.0
17701,Singapore,20200421,3.0,1.0,3.0,1.0,2.0,1.0,4.0,1.0,1.0,1.0,2.0,1.0,2.0,1.0,2.0,2.0,1.0
17702,Singapore,20200422,3.0,1.0,3.0,1.0,2.0,1.0,4.0,1.0,1.0,1.0,2.0,1.0,2.0,1.0,2.0,2.0,1.0
17703,Singapore,20200423,3.0,1.0,3.0,1.0,2.0,1.0,4.0,1.0,1.0,1.0,2.0,1.0,2.0,1.0,2.0,2.0,1.0
17704,Singapore,20200424,3.0,1.0,3.0,1.0,2.0,1.0,4.0,1.0,1.0,1.0,2.0,1.0,2.0,1.0,2.0,2.0,1.0
17705,Singapore,20200425,3.0,1.0,3.0,1.0,2.0,1.0,4.0,1.0,1.0,1.0,2.0,1.0,2.0,1.0,2.0,2.0,1.0
17706,Singapore,20200426,3.0,1.0,3.0,1.0,2.0,1.0,4.0,1.0,1.0,1.0,2.0,1.0,2.0,1.0,2.0,2.0,1.0
17707,Singapore,20200427,3.0,1.0,3.0,1.0,2.0,1.0,4.0,1.0,1.0,1.0,2.0,1.0,2.0,1.0,2.0,2.0,1.0
17708,Singapore,20200428,3.0,1.0,3.0,1.0,2.0,1.0,4.0,1.0,1.0,1.0,2.0,1.0,2.0,1.0,2.0,2.0,1.0
17709,Singapore,20200429,3.0,1.0,3.0,1.0,2.0,1.0,4.0,1.0,1.0,1.0,2.0,1.0,2.0,1.0,2.0,2.0,1.0
17710,Singapore,20200430,3.0,1.0,3.0,1.0,2.0,1.0,4.0,1.0,1.0,1.0,2.0,1.0,2.0,1.0,2.0,2.0,1.0
17711,Singapore,20200501,3.0,1.0,3.0,1.0,2.0,1.0,4.0,1.0,1.0,1.0,2.0,1.0,2.0,1.0,2.0,2.0,1.0
17712,Singapore,20200502,3.0,1.0,3.0,1.0,2.0,1.0,4.0,1.0,1.0,1.0,2.0,1.0,2.0,1.0,2.0,2.0,1.0
17713,Singapore,20200503,3.0,1.0,3.0,1.0,2.0,1.0,4.0,1.0,1.0,1.0,2.0,1.0,2.0,1.0,2.0,2.0,1.0
17714,Singapore,20200504,3.0,1.0,3.0,1.0,2.0,1.0,4.0,1.0,1.0,1.0,2.0,1.0,2.0,1.0,2.0,2.0,1.0
17715,Singapore,20200505,0.0,0.0,0.0,0.0,0.0,0.0,0.0,0.0,0.0,0.0,0.0,0.0,0.0,0.0,0.0,0.0,0.0
17716,Singapore,20200506,0.0,0.0,0.0,0.0,0.0,0.0,0.0,0.0,0.0,0.0,0.0,0.0,0.0,0.0,0.0,0.0,0.0
17717,Singapore,20200507,0.0,0.0,0.0,0.0,0.0,0.0,0.0,0.0,0.0,0.0,0.0,0.0,0.0,0.0,0.0,0.0,0.0
17718,Singapore,20200508,0.0,0.0,0.0,0.0,0.0,0.0,0.0,0.0,0.0,0.0,0.0,0.0,0.0,0.0,0.0,0.0,0.0
17719,Singapore,20200509,0.0,0.0,0.0,0.0,0.0,0.0,0.0,0.0,0.0,0.0,0.0,0.0,0.0,0.0,0.0,0.0,0.0
17720,Singapore,20200510,0.0,0.0,0.0,0.0,0.0,0.0,0.0,0.0,0.0,0.0,0.0,0.0,0.0,0.0,0.0,0.0,0.0
17721,Singapore,20200511,0.0,0.0,0.0,0.0,0.0,0.0,0.0,0.0,0.0,0.0,0.0,0.0,0.0,0.0,0.0,0.0,0.0
17722,Singapore,20200512,0.0,0.0,0.0,0.0,0.0,0.0,0.0,0.0,0.0,0.0,0.0,0.0,0.0,0.0,0.0,0.0,0.0
17723,Singapore,20200513,0.0,0.0,0.0,0.0,0.0,0.0,0.0,0.0,0.0,0.0,0.0,0.0,0.0,0.0,0.0,0.0,0.0
17724,Singapore,20200514,0.0,0.0,0.0,0.0,0.0,0.0,0.0,0.0,0.0,0.0,0.0,0.0,0.0,0.0,0.0,0.0,0.0
